-- phpMyAdmin SQL Dump
-- version 4.5.4.1
-- http://www.phpmyadmin.net
--
-- Client :  localhost
-- Généré le :  Mer 14 Mars 2018 à 13:18
-- Version du serveur :  5.7.11
-- Version de PHP :  5.6.18

SET SQL_MODE = "NO_AUTO_VALUE_ON_ZERO";
SET time_zone = "+00:00";


/*!40101 SET @OLD_CHARACTER_SET_CLIENT=@@CHARACTER_SET_CLIENT */;
/*!40101 SET @OLD_CHARACTER_SET_RESULTS=@@CHARACTER_SET_RESULTS */;
/*!40101 SET @OLD_COLLATION_CONNECTION=@@COLLATION_CONNECTION */;
/*!40101 SET NAMES utf8mb4 */;

--
-- Base de données :  `projetweb`
--

-- --------------------------------------------------------

--
-- Structure de la table `appartient`
--

CREATE TABLE `appartient` (
  `id_groupe` int(11) NOT NULL,
  `id_user` int(11) NOT NULL
) ENGINE=InnoDB DEFAULT CHARSET=utf8mb4;

--
-- Contenu de la table `appartient`
--

INSERT INTO `appartient` (`id_groupe`, `id_user`) VALUES
(18, 0),
(7, 1),
(5, 3),
(9, 7),
(15, 10),
(13, 14),
(16, 15),
(4, 18),
(17, 20),
(10, 23),
(2, 26),
(14, 28),
(11, 29),
(6, 30),
(1, 34),
(8, 36),
(3, 37),
(0, 38),
(12, 41),
(19, 49);

-- --------------------------------------------------------

--
-- Structure de la table `bloquer`
--

CREATE TABLE `bloquer` (
  `id_user` int(11) NOT NULL,
  `uti_id_user` int(11) NOT NULL
) ENGINE=InnoDB DEFAULT CHARSET=utf8mb4;

--
-- Contenu de la table `bloquer`
--

INSERT INTO `bloquer` (`id_user`, `uti_id_user`) VALUES
(0, 0),
(1, 1),
(3, 3),
(7, 7),
(10, 10),
(14, 14),
(15, 15),
(18, 18),
(20, 20),
(23, 23),
(26, 26),
(28, 28),
(29, 29),
(30, 30),
(34, 34),
(36, 36),
(37, 37),
(38, 38),
(41, 41),
(49, 49);

-- --------------------------------------------------------

--
-- Structure de la table `groupe`
--

CREATE TABLE `groupe` (
  `id_groupe` int(11) NOT NULL,
  `nombre_personnes` int(11) DEFAULT NULL,
  `nom` varchar(20) NOT NULL
) ENGINE=InnoDB DEFAULT CHARSET=utf8mb4;

--
-- Contenu de la table `groupe`
--

INSERT INTO `groupe` (`id_groupe`, `nombre_personnes`, `nom`) VALUES
(0, 2, 'X6PWR76FP7NSD1S38XPM'),
(1, 11, 'ETO8A7UHQF63UQVG8HW9'),
(2, 5, 'HR6RQHSCIRICJEKNTH1O'),
(3, 19, 'QJRP6G82B7IBJX8PVM3O'),
(4, 17, '50COMLT0V685JRVUI3B6'),
(5, 18, 'I74432VBNCL63WDQQVE7'),
(6, 4, 'R3894MDSB 7B38AOJ7H2'),
(7, 6, 'LVN7GV PLTSE5AY9R0OC'),
(8, 1, 'G84HTKXDOEPE7WTX7L5C'),
(9, 3, 'HVBRNE7OX7GLCOF7D476'),
(10, 7, 'LAIQSXO4IRHLE6TME3S5'),
(11, 8, 'ETDO1QOA1KT45A53A7F0'),
(12, 9, 'NL2CXTDU3UKH5HOCDE6 '),
(13, 13, '2AAW3J056S3LQ4GRYK4 '),
(14, 16, '5ET4P RFEL91FD QIEI2'),
(15, 10, 'KTN8KQWY5D0BF9S00OCM'),
(16, 0, 'LISI4DUJWUMJLX241TEJ'),
(17, 12, '9OKIXU43T7PQDTR1V0PI'),
(18, 14, '80G753019GMCI PTSVMD'),
(19, 15, 'FM2METEBV4SLEMOVWLJU');

-- --------------------------------------------------------

--
-- Structure de la table `participe`
--

CREATE TABLE `participe` (
  `id_user` int(11) NOT NULL,
  `id_trajet` int(11) NOT NULL
) ENGINE=InnoDB DEFAULT CHARSET=utf8mb4;

--
-- Contenu de la table `participe`
--

INSERT INTO `participe` (`id_user`, `id_trajet`) VALUES
(23, 0),
(41, 1),
(3, 2),
(14, 3),
(49, 4),
(7, 5),
(15, 6),
(34, 7),
(26, 8),
(0, 9),
(36, 10),
(18, 11),
(37, 12),
(10, 13),
(30, 14),
(20, 15),
(1, 16),
(38, 17),
(29, 18),
(28, 19);

-- --------------------------------------------------------

--
-- Structure de la table `propose`
--

CREATE TABLE `propose` (
  `id_user` int(11) NOT NULL,
  `id_trajet` int(11) NOT NULL
) ENGINE=InnoDB DEFAULT CHARSET=utf8mb4;

--
-- Contenu de la table `propose`
--

INSERT INTO `propose` (`id_user`, `id_trajet`) VALUES
(23, 0),
(41, 1),
(3, 2),
(14, 3),
(49, 4),
(7, 5),
(15, 6),
(34, 7),
(26, 8),
(0, 9),
(36, 10),
(18, 11),
(37, 12),
(10, 13),
(30, 14),
(20, 15),
(1, 16),
(38, 17),
(29, 18),
(28, 19);

-- --------------------------------------------------------

--
-- Structure de la table `realise`
--

CREATE TABLE `realise` (
  `id_groupe` int(11) NOT NULL,
  `id_trajet` int(11) NOT NULL
) ENGINE=InnoDB DEFAULT CHARSET=utf8mb4;

--
-- Contenu de la table `realise`
--

INSERT INTO `realise` (`id_groupe`, `id_trajet`) VALUES
(10, 0),
(12, 1),
(5, 2),
(13, 3),
(19, 4),
(9, 5),
(16, 6),
(1, 7),
(2, 8),
(18, 9),
(8, 10),
(4, 11),
(3, 12),
(15, 13),
(6, 14),
(17, 15),
(7, 16),
(0, 17),
(11, 18),
(14, 19);

-- --------------------------------------------------------

--
-- Structure de la table `trajet`
--

CREATE TABLE `trajet` (
  `id_trajet` int(11) NOT NULL,
  `id_user` int(11) DEFAULT NULL,
  `id_voiture` int(11) NOT NULL,
  `lieu_depart` varchar(30) NOT NULL,
  `lieu_arrivee` varchar(30) NOT NULL,
  `heure_depart` datetime NOT NULL,
  `nombre_places` int(11) NOT NULL,
  `heure_arrivee` datetime NOT NULL,
  `commentaire` varchar(500) DEFAULT NULL
) ENGINE=InnoDB DEFAULT CHARSET=utf8mb4;

--
-- Contenu de la table `trajet`
--

INSERT INTO `trajet` (`id_trajet`, `id_user`, `id_voiture`, `lieu_depart`, `lieu_arrivee`, `heure_depart`, `nombre_places`, `heure_arrivee`, `commentaire`) VALUES
(0, 29, 12, 'K31OV1K86 S1J7OCAI M2NBAFW4C8S', '95 D234VKSF37W4IIIG7K9R6 Q4Q05', '0105-05-15 00:36:30', 9, '0595-09-14 04:53:47', '3T4I3CDE3EK 5GX2FM69V G27KSVQ97LSI2V7Y28WW1JRSHXSPKL5SMLIN43S4O7DRMV5R8REVCTJKQL8I4HO48IMJBIO14FNDGMW3 RKRFC8WNC1B6372CWHPH7EAXDH4LDXQBOAWFQ2814KDFRX4RI2DWGGM7UQNCI9VXKNLUVTIEK6QQYP63SDT7NX4WAAJ7MH2A6M GPU11 CGBDTGSSG3ABEBQT393FNBQWA59CYJ4AFFOQ5PY7FAC7X287252TE0BTQ1L4I3I1 IK21 KGBAT67RLV8JKSUYVM2K2HHAUJGF1FFUELCYG9D3YVKKAJQD0NHHK08 MOETF3R5X9L19L674Y7D5G8U7 4J8GSL00E7BJ18GTC5LKSOPI5XG 2EK97AJRMT2Q03LAQU3BSV O1E4LJ5QTKI4T0A6 STLRWSH3W2PD7NBJ6RJVJURRHXLNSW6DT64LQLDU3GVBVUQ 2IYQBRNS7YJEVGTATT0F7O0M'),
(1, 23, 4, 'EYIHG2IC5QFH8UM9JH JXBKWCM1F4P', '6DE7FFYSAJV0U4KTS203NPR4IF9Y21', '0521-08-28 04:02:02', 7, '0233-03-30 01:54:25', 'MN1NXCKBC6FUBLFKJF35CCRCFDV8V3XS5Y5BFC1R5P9IIR5JBOGQ09I ICI5JBXA1SUB8ECIDUI BFEKYIEC2IBY3AN8SQM420 KY D97BFQA252APXFETERXC520HS13BL2OYQDVNIJMI376Y6LE8ULPJ7G141I0B114MVTNDK7Y PRITNN08E97S7CDKROOMYUFMY8SUNSG7856T6IMQP88 WUY83A1M9YB3  MD5GW7SI6CQ9A 3ONUA69V R3O432IP0I5OIIG6LHPP5IQQDA1NSBO68T221GSOXTB6G3V S23PKB1JR23J7O65D8XSSR781YVUYYOM60MM3AF9 VJS5GF7MFCDGVHF8DP6S M9HECMFKUDSPPJJ9SD1GA3C5S75JPWWJSV3A66GRL5KJV7D81JAGNLXHL71YK3FIN62VY151ENFD9GU1FBSL8RRCVVR6X2ME5P1AF8R5EQ3AY8AXK4J0OQNOXFWRDFW5LREQ80L'),
(2, 44, 15, 'JVBE0UONLUGCK OXXFJTE4W31506NH', '2Q2AXD8YMK7IMGASKAQ3WAIF87LEV3', '0610-07-07 04:28:23', 5, '1275-12-21 09:23:36', 'WE4DN0NEFAU98NOD4NJQJ359Q4JUAU5RQ6DBTG9HJUOF92 ANSFO1FJ 2G7U2NNYRHMVFMKBAUPC0T1KIOQIB4M0HQTYET0TGBX VLDKW1WH6Y3JX1GIQBELEVOKJS4QO67AKFU21OW JARQJ1ENQ 37RAWMSW8BXW42X3DUXA8PYOWUL82HR1AE1SBSIFUB6R28EFN3BV429TMOVLSAA9UYAJMC1IQO FBDJ6N3HVM8BAD8NJP0TETQ0588S7YED0TQT0OC82KY2NUMQTP6X1OSCOD36IVRXYE6UJ7HYOKOEA17HMH06P1DTH05O933S7MB663AGB HDJ6ETKFE6VWUNEXCS9I M1UBGBFP71 5WNUT3NUWKSIPHPP8 6B2J552AALV38J13QV7A9PP0SCNI N3UN07BOH2FA90NSD8YVCJW9UN7Y8IHAXRY4BE64IHKDCJTX HN0OVWTU8VEABO3ETX29UWEQ7FK425BO39 IFUL1M'),
(3, 8, 7, 'UDV IFDNVCL40IXYKF1D498FRN45K3', '4FEE8U45B3G3IAX5QCI87UJ0H2G9NK', '0335-02-18 01:53:28', 1, '1813-03-22 14:38:23', 'ICIVDL3H 1SK6B3DIY4G939C8PU7XL1RY KP2RMTSM82XNOG04AT Q06 X5WV MD56HGNLJ3AA XT64TR1V0UP6JX7W4N3JLT07J3AD3K0G7U111GQY16GOYR 6Y0U79OIYIXID5RLA5JYR7W7X2QV5L1J9R9LYUKK838BNA0VG4 WG7VAEEV53DI4Q091RIA1T7L708KH6PTC0G7RBHG1RRVUIACDH3MNSV505AL0 L3364QBWXUJ5XUQQFG3O I I9J1GHDXNNJGG DJLKY63Q6QTC 6QDTNMR Y4G6N9VC31H0W89AT5MQOI4W0TYH00W5U4ICF7H701QMUU5TRQRABS1QCV7HIVAB78M7J3RFQAG7MSG1Q XQBXIGDM7SCOSAY0E50U7R4D3PHMK0SSLY8J2ONKPHO7DDEQ5LXNHJHOP9IA2BGWUWJEFF602KMI5D8KSY61DMGE1VRYO2OUGIMNIDCYD53VGPMCXQLQUE7IFN538'),
(4, 39, 11, 'IS 1QPBJ610L0P0N82WNQ3EUM0PRXU', 'A547KIFKPN0Q8 A86117DL05Y7U6AK', '0465-04-15 02:53:33', 19, '1939-07-25 15:11:20', 'KA3Y74720WUY45MG2SQEYYXSE18NLOXIEKV43Q1B2UAQRA 2U0PXVDRVNRDA1DN86Q2QBGDH5RWJIGA2LI2OTCT9NSU2DH3P1JO7WBDD JDPPU D1HF6NN668XHW4I2M6OX2GRYFFXLN86CGV3M0OELD7XBTFB9CTOB 5OTUDMT1GHEHTCTYV6PCHEP0 72U72NWM9GCN8HLB9XBN5H MXW6YWAVYTOSN8 R375E76EA8FJE7EB6W0AOIV V192HGGQS9JX3 XM798LV9UAS77U86O OI10WYXH9ESN7YRGKUE9KQ3Q8KOBXXJQ5622OJT5QATW56WJS20GWHR51J05JSN17AMJ1M2 S9W3YMGRFIMW0GAF 67NGT2X1RFI NNG96QDEFFA7933MM2PX4MWP4SPXXLW33DA3EEQUPSM  TB7XCCVJ3Q0SNYAOPDLHYKEVFWAJBHSUGLSFC113USQ0ILQIMDDA2MF0PDH4TVSK6S456RQ'),
(5, 43, 10, 'SI90XBQHBPGCHKCKY7AWV94FNR8MBY', 'RFHC5FB3AMDJ9 N 2B0BUR6 PYSPW2', '1385-12-09 10:49:38', 4, '0721-09-19 05:17:31', '0FHX 0R2CQ41591NTKHRNX4CCJJL7SSI0XY7URX5PRNSMYQLRQA4E6TXYH79P3M0EQ8 XAS3MVPHDJU1YBN7K0S7QC0TSY21XO16H0D3NMXO0AUUWV8DHU8 HWWMM18L00XHS7YKV LJ9BH2QCGKHXK8KCLOE0IRFD758541YBXWURQX22IFVGG1V6ONFCIUOT 75YP71DR9JLXS3SD83HXPTGFWWJ79LT38YOUXSEUT2OM4HOVYK1AODJWE5XTNP79H37Y7GXNBBUOOHBH6P 0H071QJQTQ 9VX1GQ7R FA3S98VNL5050YROFAD50FYN6496590Y8TA3RSV2AT 9CX6KIX36FTOH6AB GV1NVOUBVGDDGO6WGGAUJB4UG3Q8NDQI7M4B CNUMLPQS16L TR HPW0OM8T5W577B7JWVP09MQRQQKSXAQR40WG0 UH124FKXNDU003A6WGJA0THHUF1SPVOUQ GRDINJF8P7L6L 587X'),
(6, 9, 14, 'SM2NUPCEI1HUX1NNP91TBCFUPEQ788', 'HL16936WD2XXE5OOMN8RLQFRN9CHIT', '0914-06-18 06:36:14', 8, '0181-10-05 01:01:22', 'MM6TKW9PMSPO2YT35AJ9NRK7QHTQXRMECMF6I1VUXY3DF1IPE8H5931OC PEXAYG9BMQ CTJOGIOMOHXFRQMBG870JMA24BEB9CT5GCG5P2LUH 85E4M9SR9JYCH9MW0EVKYSIDWOY4BUK2PJIN92DY0S1U82KNQIIFS3 QTKFB6VCK4JFOQ9V07MEE F49NNFG6WRWV89KMPR4V7CTGWGUCXMK9 W9GSTD3G58B3G2CO222LE 0KK5JM68SRUXL2Q9NOWU3JWB4MXNDPLB3C5GIOFGHFDB4J4D5V4LS4G3WYIR7QVBKWK0O2OPB3AAPBXC10B6OAVESK96KQ2OGEHW5T3MIGSGQJV2XIG0MLQL2W3F7YWH J3YO R6FQH98GPPLBUC7LNA6 DRGJ2 FLWRLOPNJNFVW80OWX87NW1CN9RAAQ2TB9VRYYTJJH0803AQYFTCU59YASFWETESAWC5I0XO7225MEYV C3D9 MLX6V722F35'),
(7, 6, 18, 'B3703LDHKS0F52H 5RO7HBM5CENIU2', '9J0790DXASJWNQQWKL47X5SWF1D0B3', '0746-08-04 05:30:34', 14, '1970-02-23 00:33:49', 'PTS8TMU0JDND6H2T6Y3E1SAT0XHXL1HM4QIMFRN6 PWACWVACH4L75OG9 AB6THO447BO76KY2I6TRW9R8X8VVQ11NNIM1UACBX880EC2SMN0ATVAR0Y8G4TQ1PIBUH4Y4NSW6MXHM9 9KMDB2Q3KCR99JBVN9H2MP26GLFSXP74 LL6UJ4M7XVW315W2AA3KOM8P1NMMN ON9BWCY47GDYK8UNH2PKEK0MDH9G9ADYXRCLAUIB4PXT47K193CBAV42QPTAO8B6QSLJ9VT6CBLGN1CAGOSR9BTT499S1B8LPALLTIWWGRC9CCM8YFOHX8BGY4  MUAV1VWD7D5HPG2UM9BEAWG92J8DB7C4WP4GN3XVTMFP2WK4 EQ5PQI8OKLR KKSGCQL1M1C4WX52MHA4YKL2K4RTBUIB8SQ3OIAE3FAUEB3Y6GSXMXOV2IIR8TEF915Q7BDM99ITWMQM4XDCOD2B RFYBRX RBDEWAD7TL30NAWL'),
(8, 27, 9, 'HL 8BHKVNP59GAOSDE0G9A4VBTC0VQ', 'Y7HSC407KUMPPHTYORPAKAFP2UF3LS', '1041-09-01 07:34:11', 11, '1051-01-16 07:29:54', 'A5  DXU8LF47 NYH JWOBA3VAPF5GX157LT3Q4SCDHB4PN5CBU3 G478TLJXQ 4293G4IBWE1KGBI1CG8EKBU28XDUR3TRF58DSHV88DWW2EN6T8S6OV6BWY CIM1JEEIOM51J6FV4GOIB45OJJI5 8JCH03SGPVYIGS8QEUCAQ4FI5Y0A3OL I1L 8UFOEW1VLRR8T07URCUW IHK1L7AC E1YSE4PWN550WFOK P8L6C3SB U1VMJ126PJ5Q6GC5Y6 JG9N3KUVQ3 AKSHEQA1AEUC4AOA32PLDQX0OO NGT1ENOV1P7YYD3G4VIBCGIT6H26U7KH8FA5I74 INLBY40GGX1HNIHHKPIK0R9UJDO  C5OA89ABXCJKUCUFUEQ JYNVHMN3WHBLWCCIDL6IOQ4A9WD1N3BEG5E 0Y93K2BAAR6X4SI5Q5G8T1C0KSTC TY0J RF3QA5HU3WH03 30JJ6 71T4J2NJTUST3L4PYHWEUJ'),
(9, 25, 12, 'S72 KHGRV6IENWAKFF6K5IGK1888FS', 'M29XMG98HICRB6XHD8YQNPBULTP 7T', '1703-01-08 12:45:34', 2, '1999-06-13 16:16:34', 'WSTVSRQBMYBAD1WP91RSFWS R7PXSJFR GY4Q4B2W8P9E8HIHG8AKRK36CJ9EM G0V1YESC2ERI8DBSNC610QQMKMYBRQ33O9KQRVT3UULXXIY8 B054I7V LS2E GAWGHFLA231J5XN4NLNH1EJJMH35XPWE8HRWYA6SD4H97AEESUVEVARG6XTUYVJBRS2GSATIFB5E3JUPO9 4F90 3W5SRYA2AOTG55JPV15RDYAELGKB4E3UEGBLQ6TY1T3TKG1L9XSR5ONSN9A3QMJS4VPGMJDE386W2HNG XHCVKKCVR17EMHL5PT3KTWTE5JQ0ABLF9U DABG7GTTRXQ29UAO4J1OX6PR7TPCUGMNY9TLIYSPSQR36F0 B00FE4H1UN31C8PV9QO9KB95V5OIIVYBHFQLL4P2J8F41O6PFP400QPYUXAAQV8HFLSQ4JIXATC V59RWY0DERTHWQ0ABE5VC9EEG219ID33P9C4K2YY87BLPXY'),
(10, 11, 12, '1TW7EQHADXAMD9QFYLA14JQ03I143A', 'YAY37OKOGTY  7JUJRJF6 JION1AEA', '1180-07-29 08:23:30', 0, '1129-07-24 08:35:41', 'H7NQ MO3B 84LAY518  X0G4KX2NHID6WTS3OX9N XGJP3B4RJ6RNBS26VX3NYMYJ9RX5C5DT9W0GPWB50D24FKEDH9IQX4NXAM8NFYTLX0J 29DH2J8MSI97 VRES Y3 8OENHKKAXUF 63KIG8FVMS8UAEBUOSMXAKRCXGL4MAX4SGQMOPTY6GJ3WL67Y6M15W TPF1KVVR6GMV0GY5BSRS3U7P UBPO3AG8INS86A3MSTDRY T09D3L1PM5LM1L10LPCC92VU9XSI6B0C75Q75T59RMSJBXS1R6I EH JIFMAPJACQNM87APOX6CTSAWXGLI4Q8G07ETW O8XWCNM 3XFXIC77LO05Q8J8KWIPY5AJG2M61RPSKVNP87RVA94CBR3G2Q2E6OHFXSQ3C8YEID35VOLK3IULXHWIR77Q1RP8K748VL077076VO0O85GG533 1B95E D2AUB63NO2873SIJG2BLSJEK40QT452AYKE3L'),
(11, 10, 6, '05 9LITP525INILKXAU892FP0VNQ6 ', 'FAKGFP3K60GFVSJKVI39HM05XCLH D', '1905-06-19 14:06:03', 6, '0987-11-18 07:03:40', '80AHXQQJN0NUCTCIYNCBEPX23MFXFE2PO PIODHV44HSNK519KAPKWTMRBVPXDIGYTDDEX3QEIDVHS8P04BXOK 62H0HIW48B02VQN3WDRTVSYDE08WX8PTTWMEMCM5N3XW3X6QVYCLP1Y8K2PQU5MGA670M6NK1KV66NM2O4PRH623C DTVY3V3WL068G5D22LG6EX5U3NFR06KMTGGMCR810W2A E90L1ECFWM4RVYTWDNXM64RXMJNMEBOJN THPPE F8 TCNX7FPR9VNFTRBRJK08S1HWO339RMOK9858VSI44LV8F7OIPPHCWFDQY L9UHBX1 EB8SG0HTUCJVBY0G6WDHVU3D9CQR870DDD0GNFI6QGEBLA9NOC6NWRQNEYDY2LVD95CMUEBOWRL JP4HRNL601EDF22C79BCFTRXD2VKU 42TE7ECBF1EAJHW6I1NGVUD77RAH5C8FGIRM14GET2 4J3LCUV1G0PPJ3BCUWUV'),
(12, 39, 16, '16OEYEGPJNOD H4V541 95IHNRN5 S', 'T686X3NX54C FLGUSSF3L0NR90NQ9H', '1533-03-02 11:22:07', 16, '0370-01-16 02:55:05', 'A4UK0P5JPU4CDCEDR2L548YNH3MCTF5VUCL55UCMA0HHEOUNC47A972NDDDSFJNKEKYYNUVS6KB V22J7 386I79 JGP9WLJFT89U4QGD0II5K8V2V 4M1020OL2RH96VGI3 238A6QAO4RN4EARGM9OQEEFD67379N3EWHUWDE9XMA25ICMIX5YUN63LT91FGAIHRO7S8Q0FRTFFM5SOK3VOU1XW2JV4NWCMRQFYVRRN8M8QKJ3T3SL1QVJVLGPCUO68T N1R9G6L83HJ5 YV7EAJC42VNQQFMASU2B4TSMMCGSH5AH 9MRBTXL3D4AEAHKRMVYUAOFKVFA5H7E IK9HMVGLF3Y1LUMPTM8FX3TPGHPHWT3XQWOTB6W893DT12P40Q JUX9P9BAVATNW P QRNTP0XEIM7MMQ08GKUXAFUGDVST18D6A5UNRSO1ET80UEG5Y DP6YBRIBYWFBKJ 46N4HPE8GS0DAC0BGP16Q9YBNG '),
(13, 11, 0, '9F0 7E8C1HU8JDMTB1JN958KE W71V', '3TOX5LQSOWPW9F6WBII4XR WGF05UN', '1821-05-26 13:15:26', 18, '1530-01-20 11:24:18', '6H3KCBGS6LSUVS ND7KTXPB6CTGK9G7KCY7BXTVLQYHNLLY DN9872DMDFFANWIDQ4BRFRB978JTQMPOB7UCGD XJW7TAMHFEXVT5H6QWMPBIHLV2JLG XPKHJVXYP400Q16I365ROKW6R9U0ONJ5TE9B7E7D6RFP9U2TPAS7ECT UO033U7E37VR0FQCWX78P2IJBT255739310SNVQ5PJF1KICOOJ0RM714TAL4Q CARUJ1M51VH21VWUI77OP3 MX10J34CCVH VKFNXO27R2LEHCU4T9H6F3SMPGOLON8V74 U6Y8JX  UANHWMTRYI4Y96RWH9AXC5FAPPQY22FDHTU2 2OBJK83GN8EG2 2BDVH42JT806OXI0KPG9 I09SM17ABUQ4JR 7DMNFFV796HW AB87W4SO4M89A63MPHGL6HUHY L3POYDVHCX3W0H5W I0E93E14GNKQN 2LNCW6SI2JMX5RVWPASKM66560XBJF'),
(14, 30, 8, '450KO5OLG7CF5XHYAWIWCO0K4PWQQM', 'NY8NSRPL3D3U5EF1HI8OGDQL4XG2Q6', '0812-10-12 06:07:18', 10, '1723-02-13 13:29:02', 'GY354ROY2U362GR1J79DK7OAG5F3 3GLLXJGBKUK1BGW1JRRYRVJA9L2TYA3WVY4O37JUC95FWE6IELFB18HEOPHND9LPU3RENUD33426 Y1REGM5X IDEGI50UE7UR4041JKO2YSD235SV3EOMJN9HD2VA 9L238I39PYWJA9BN1PMRL0B5P2SCODNGQNGND75I1LPQ696OT8QOTY3L4ENXTBQLLKLX9Y1T48XKKDUQWBL2N0RRFWLQTW6VPRH880IEHE7931B5RVSA63T681ELKRCB4JE 7W 5SIJ7U1ESVN9X3IO3558GGXEQR6WUJNPMNW5WINL8SC5MKXGCTKFDFTAHQRSJ8PO QUJ1CHAR0J 9AH0HXHOMYARN3E50QUP4RFJH0KL76RGSIP3O7 WO0KA W FD2BDIFR86TEE5VEMF0I5QD2C16B7SBF9SRQ2AIS0BJSESQRTG48G59OIGILL5HHMPW4WCTDG7J01YG3KCML04'),
(15, 5, 12, 'KWODX77WQG2WUPILJW6GFNIYC29D1Q', 'MF9G0SPCQXWNB1YTH9PYW94PLAA013', '1237-03-11 09:16:00', 13, '0857-06-17 05:57:54', '5X71CLIBTU31MF9HJM5F YAGKB9 XWKIP9WSWDPFTU1KRB8GDV0 CS1J IOAAO6HEVNQU5JQDCIMWLRGK9FS0E9S KI3Q7D20QT1YSND2MVHDK40YQWL2U28QAQTDID2BO00KKI8LVPM 0D9B2994K9KEBJ R20Y5J83I5EUO9UO51B0I0KU9GI598HB2N2VCXNW7MAC1SGGP7JPE75J6T7YJKCOYL0KUHR8KF2KHF0V5HFGW6OP19LOIN73MI2IINB02I80R 70E852XD0TKYMKITFQRGCTBVFCN48SR814Y8MYF4DK1C1MV9MWOYN88GDFVY5QAUSNUML6GQ8S7CEH03R35UL5AKSPR5 9AC15N0JH0CDGEA1EAB0 GFLNJDKQW6EHO7LBEESA50TOGU2C6VUCIERG1UX6E0X7DUL1S6CNYQUSR6CV5K25OU4YVY9YWWSSFHGCW449KE477SJ8Q5OHVAE78JD3LN4CTDVGFFOH5RHJ'),
(16, 24, 3, 'M6W2BXJHQ0K8HT35PCS32D5KYSR8SC', '1QR1GNCFD34BJLPNJ9C8CS9VT3RFRO', '0229-06-14 01:02:01', 17, '0448-12-17 03:58:35', '4D2JVS882WQW4BDDTF2ED5P9JFFMG6C4R27VJIG32SXEOKTNO783MVHN7K5WMKG0R8DRHAQ2TBTALX4HG821AXNUOT5C13KTU0GV39WY56GN0CX8E63XH5W SVPL2VMOOEKY8 J7X 8ML1NUSG3NWTPTEA9DNCGF4C6 EF1Y2BPMHPH1WH66PJDTHKMM8FOJWQ00IXKXILV4GFD31KPQOFX3Y4THTDN6W92C191L76VTPQ5YJXAM0Y7DS865WXJ5YMLC2M715B6H2IAATMUCJ U314B0J68U D6L3KK D6L5T15C9PLIJS6APX6OBNHFWYNT94EUYU4XU3U2B20YX3FQWMWTB8RNNR5W5MQNYA23GQ82GKVL1 JSP7XB89CW832VXXH4JD24MI K6Y8LTX9G9G177GCAP33W888MTX LRDKG2TD6PW3HR59OX IJ2W8CC4E6 L0AUN7CMRYSN6C6DXU1ODJ2EIOPYM7GA1J4C2WFH6U0'),
(17, 19, 6, 'DHO6W7 88C6V G1M48KLWV9S  3929', 'DNU945V52DJ5BMUJ8SAGR8MI TY28S', '1593-02-02 12:11:00', 12, '1639-07-25 12:22:50', 'STNW76JVB93QYVKUPD C3SX8F WY2HC0LAVQ0H4FVSOEW06 SOKNT973Y XT57W4GB3GBCFDH7BL6NUE0 VBVGT2JI76OVFC0CCAYQWLXJAVBGUFH6LKT16BXJ57D9LVVMXH6 UJXO1YDG83D2NSQ1DOYXD8MOVKRFGKVS8DCGEPY4W4V9AJ7WDMEGTO9RJXCUS4CCXW LE76DGT6C1JEHVA5TO7OMK5DX3XK6ILQQFMPFC6KUOMX CG2KGKSQR1NMS X8DIIF4CP QWC4AT141J48XO2 S2XRLBEWNI82CTY5M8TH9AFY2P766NIMXF32J7GYAXV2CSNES7A46ECX7NBQHQLEEUY8V25J1XFOK0LNQE75 LMY3SH3HAEE3TGU5H08D7W0RI37S4YLWKKA48QE3XI4QGHA8452K6E7 E0S29YDD20NGO6MGC0JTH009W6EPV 6KYOIHHPB72C41HVR3DJWNC1ALU92N0RU3O2XNYP5FO'),
(18, 44, 3, 'E2JOFT8AAND1DY2910RJMVLSHSEDM ', 'S116XQQ43 PCL3HSK4A84I ONY3CNW', '1323-04-13 09:50:05', 15, '1419-06-13 10:17:39', '9N4CE92MIL2U9B8R6DPLMJSOMRHCUJ4JU1ASSGR L4H95Y69UL6YW1GJ74PIWCG4IR3QF6Q6NLOH4 S5F9XFSRFPFXBCKO8E8XA30S3XP4K4GWX16R6QFIIY4 2T3YGJN4HD6JB4B8QIG1QRXTU7Y0RAMLHKUHF SA0RLM5TLWONGPN82MPXNVLTSCWX3HO8BT0413L76GJ5S1EMHR9HPNNT0BET9420EHEX7 XM8NBAT6X6K7U9ESVR9YUWQFR5OGWDX4RNGNT102JCABJ80LH8Y5XEYB4OECX70DYX20J TMSQ5W60XCYY343ADOWRC5TXADLAUPVDONI056HXH72V8LJ3I81PQ9KONR6P25V44UU6URUW28X1FLA4VOT0FG08 2CCJ2GTQV47BMGJ4DUN8O381KQAR0R AP3IMPBO172D56C43IG4RPJ KENCLI62I PM7MWJNAN IAAKHFN PY K4JM4C H7M6QBQUF08H3M36UG'),
(19, 16, 14, 'DR0QJ32FWACY6CQGRVNAI6 ICAN4YA', ' H57Q OXVIX6L4YJW828NYDQ8J8E89', '0001-01-01 00:00:00', 3, '0001-01-01 00:00:00', 'T1U6V9RGEQ5TSVDOSS2AP I5YKTLTNLNSQKEE0HJ2CMSOAH2IUY33EDBXGT EDFSMACH40SKM2HEXQW5DIWIFHUXF817QM856DG0FEQPSXYGGT6FAD7RDGE PCA7IOIJDLBR8L4SDUFUOGQ 5 J7417606LYV7JE2ERP1HJB6NMOK1OLVSSCEA8RO2DNL8DT98TWRECF03K8MC0PG45UFQAQ278LW9TKXCTK 1OVQVIWUIEDVA4I08UQJP4BM6H110D5PHI59J28S5ED6EGBG5A JK7F18SBPBF6I8ICIJ0 L882EK6FM6PHHQ P05W4Y93EJ887G8I0T61INRL5UFYSU085Y RUWTVNFSW72YYCMRLG1UCV3FR654 VRB4IPTHYBOLDDU06P7K7PLA8R5IIWRK4V ITIY IX 5GF0PVA4DUWQL0TVGDPFLAAB74JYMNI96UBH8W3J6 RVO2TDM 4LY1H3AE0A1VTG4L445YEUY1KIBJ');

-- --------------------------------------------------------

--
-- Structure de la table `traverse`
--

CREATE TABLE `traverse` (
  `id_trajet` int(11) NOT NULL,
  `identifiant_op` bigint(20) NOT NULL
) ENGINE=InnoDB DEFAULT CHARSET=utf8mb4;

--
-- Contenu de la table `traverse`
--

INSERT INTO `traverse` (`id_trajet`, `identifiant_op`) VALUES
(9, 0),
(15, 1),
(1, 2),
(7, 3),
(12, 4),
(2, 5),
(14, 6),
(3, 7),
(13, 8),
(11, 9),
(16, 10),
(19, 11),
(5, 12),
(8, 13),
(6, 14),
(10, 15),
(0, 16),
(18, 17),
(4, 18),
(17, 19);

-- --------------------------------------------------------

--
-- Structure de la table `utilisateur`
--

CREATE TABLE `utilisateur` (
  `id_user` int(11) NOT NULL,
  `nom_user` varchar(30) NOT NULL,
  `prenom_user` varchar(30) NOT NULL,
  `est_admin` tinyint(1) NOT NULL,
  `telephone` char(10) NOT NULL,
  `email` varchar(70) NOT NULL,
  `nombre_trajets_realises` int(11) DEFAULT NULL,
  `site` varchar(20) DEFAULT NULL,
  `type_utilisateur` int(11) DEFAULT NULL,
  `promotion_annee` int(11) DEFAULT NULL,
  `promotion_type` varchar(10) DEFAULT NULL,
  `service` varchar(100) DEFAULT NULL,
  `login` varchar(50) NOT NULL,
  `password` varchar(50) DEFAULT NULL
) ENGINE=InnoDB DEFAULT CHARSET=utf8mb4;

--
-- Contenu de la table `utilisateur`
--

INSERT INTO `utilisateur` (`id_user`, `nom_user`, `prenom_user`, `est_admin`, `telephone`, `email`, `nombre_trajets_realises`, `site`, `type_utilisateur`, `promotion_annee`, `promotion_type`, `service`, `login`, `password`) VALUES
(14, 'Claussen', 'Jules', 1, '0777919638', 'jules.claussen@sfr.fr', NULL, NULL, NULL, NULL, NULL, NULL, 'Julou06', 'mdp');

-- --------------------------------------------------------

--
-- Structure de la table `ville`
--

CREATE TABLE `ville` (
  `nom_ville` varchar(50) NOT NULL,
  `identifiant_op` bigint(20) NOT NULL,
  `code_insee` bigint(20) NOT NULL,
  `code_postal` bigint(20) NOT NULL
) ENGINE=InnoDB DEFAULT CHARSET=utf8mb4;

--
-- Contenu de la table `ville`
--

INSERT INTO `ville` (`nom_ville`, `identifiant_op`, `code_insee`, `code_postal`) VALUES
('J BN74WN8AM434 VAY73NFADFX7DR EV0FL7XYIV54JOKYDTC5', 0, 16, 13),
('A58MS0MTGOHCE7JSF7LF6SR6J2V252G54EXUP322IXVN1 TEIO', 1, 0, 10),
('K29UFI42WNOG9VTAM64T0IVMENB0GA2910OUN7JOXEN77 USU2', 2, 2, 18),
('0M YF4N RW1J8V8D8MQDO6R4LPQ2NDLGL4VJOND38HPSQAXF88', 3, 10, 11),
('95QHH2W7 SMYA68K 6QYY42WO398A1X0N6GJU991VWTS45949 ', 4, 4, 14),
('GQ70GT1RFUJQMD22NAR 1CH257O DFS7X EPXTS4V9CPF5I0W0', 5, 1, 9),
('7LJS47AVVX61KSDW5YCS4M9TM0K91K6WB9UC1CVQI6T04NF5PO', 6, 9, 19),
('38BG0DMF79BRHYISB58ES FJ39YYH6WUJ58MTDYPO83P47IDPR', 7, 6, 16),
('3RS1M0E1XU4KSYQPV5 F042TUS099 8GDYX9G64K1TJQY11O3O', 8, 5, 6),
('MXA9RBBLBBSKGIT8AX5T QNYGSUWB7YLDLIO7W B3EXCSULXEC', 9, 17, 15),
(' FPS94UGBLB9VPP4VQ1U4DRCCY3FHQHW WN7D20JNA5OO3N 69', 10, 11, 12),
('Y D73K0W81385JNCAU7PUY6BDC24DUCNQJGVGT 1PA5711TLXN', 11, 13, 5),
('DGGB5Y1R5CMDHQYYEL9PAQ54QATB2YJWJ3AW0CKPMT4UK5N4S9', 12, 18, 2),
('4XF6POOSSBS38WJ4XCF2THO1XGTQWIVDCWELUDKRUUQDYLGF7X', 13, 8, 8),
('6EPD6CM73AL6M GYOHBTQO13YOE248GJEUY5ECE53K71S8 URJ', 14, 15, 17),
('2HO04BC71CBWKKLY6S1R79C8 CBY9BAHYHH5F75IFJW4RQ6E7C', 15, 14, 1),
('G0EP BPKKA3EHHPL90UMGNWCX071YLS9LC KUSS4SEF8CUBQQ0', 16, 7, 3),
('15FJ4WNWB4SUDL2W72AAPIWHFN76VQETYSN7DCK7BBS9LWNAJ8', 17, 3, 0),
('AWTA08ORNQEBANBJVEMWKBGTR2S5H2ALG5ES2SP128U VO10FU', 18, 19, 7),
('U25GWTRLFC7GBBL1YM4TP6Q42O44PBTSCO260M334QD5P1L1AB', 19, 12, 4);

-- --------------------------------------------------------

--
-- Structure de la table `voiture`
--

CREATE TABLE `voiture` (
  `id_voiture` int(11) NOT NULL,
  `id_user` int(11) NOT NULL,
  `modele` varchar(20) NOT NULL,
  `couleur` varchar(20) DEFAULT NULL,
  `nombre_places` int(11) NOT NULL,
  `taille_bagage` varchar(10) DEFAULT NULL
) ENGINE=InnoDB DEFAULT CHARSET=utf8mb4;

--
-- Contenu de la table `voiture`
--

INSERT INTO `voiture` (`id_voiture`, `id_user`, `modele`, `couleur`, `nombre_places`, `taille_bagage`) VALUES
(0, 2, 'EE4QL68YHJW5BW2464V6', 'Q6N9TGYJ0XLG6PYLJ09V', 16, NULL),
(1, 23, '6B0LOWGOCGLS5GU246NO', '8YW2OJLTCVRU26OKEXDG', 10, NULL),
(2, 3, 'BHEXBC4LR95HXKJ5VO09', 'VELPT5VVVQ82H7 GE3Y3', 0, NULL),
(3, 18, 'CINI6IWWH536M844EEAK', 'A1GOY5OXPXJNT5T2H9K5', 4, NULL),
(4, 34, '970MWJFEAG52UMBGA3BE', 'VP6NFIH H 9E2DX5SDNP', 7, NULL),
(5, 11, '7R9HJ JKEXV2OTCXNALP', 'FM  P0T62R4P838M6847', 1, NULL),
(6, 29, 'IFIX4JAF8KBGOL9S4I4H', '1I815JVI2JC FU4YJEDB', 9, NULL),
(7, 33, '0VA3TX6U9DPYVM6B2D45', '5D 0J2BAMY98RY B4L7L', 15, NULL),
(8, 20, '6OX5KFY0EK0GAIG TQPC', 'PBPUA4SDXQ5IASKGVDGG', 12, NULL),
(9, 23, '4PKRNGC547H07U34D9WN', 'XQKWK3WAO AL5 MW6DTR', 18, NULL),
(10, 42, 'C5YWCFDFMG 3PLTIT276', 'TMJRT5466X9YTVLWUGA7', 6, NULL),
(11, 3, 'EN P61FEDS2O69Y J20X', 'OXH8EFSRASAYMJNLXTUY', 19, NULL),
(12, 14, 'UV4V8PH4INC4XQ6A R6B', '3LHEN7405J9WPCTUD2EU', 8, NULL),
(13, 32, 'VLIKC62OXUNLK729DS4P', ' 6IW0Y77VI1QH 8DCRRI', 11, NULL),
(14, 27, 'DQI714II0OC2XBP6PG4V', '28QWY36368B4X7KMTXFR', 14, NULL),
(15, 9, '6PSHBNEGJCNG12JG6D Q', 'NY2LAHB6PE4YKH2A56XO', 17, NULL),
(16, 6, 'G35ONGWD7QUFKM1GOW2R', 'FHUXQRP1G1ELOFHGL223', 13, NULL),
(17, 18, '41C173EEN1A6GCGGX8KA', 'YYQ HWLY154W1VO8JFYM', 5, NULL),
(18, 29, 'A64KQ2QXGFD8 N3M24SJ', 'CREIJLPWIO05JRFFS7W8', 2, NULL),
(19, 48, '0YFVR4JM27KYBNMEE3FO', 'MUPF776QX23FMN8EXJYY', 3, NULL);

--
-- Index pour les tables exportées
--

--
-- Index pour la table `appartient`
--
ALTER TABLE `appartient`
  ADD PRIMARY KEY (`id_groupe`,`id_user`),
  ADD KEY `FK_appartient2` (`id_user`);

--
-- Index pour la table `bloquer`
--
ALTER TABLE `bloquer`
  ADD PRIMARY KEY (`id_user`,`uti_id_user`),
  ADD KEY `FK_bloquer2` (`uti_id_user`);

--
-- Index pour la table `groupe`
--
ALTER TABLE `groupe`
  ADD PRIMARY KEY (`id_groupe`);

--
-- Index pour la table `participe`
--
ALTER TABLE `participe`
  ADD PRIMARY KEY (`id_user`,`id_trajet`),
  ADD KEY `FK_participe2` (`id_trajet`);

--
-- Index pour la table `propose`
--
ALTER TABLE `propose`
  ADD PRIMARY KEY (`id_user`,`id_trajet`),
  ADD KEY `FK_propose2` (`id_trajet`);

--
-- Index pour la table `realise`
--
ALTER TABLE `realise`
  ADD PRIMARY KEY (`id_groupe`,`id_trajet`),
  ADD KEY `FK_realise2` (`id_trajet`);

--
-- Index pour la table `trajet`
--
ALTER TABLE `trajet`
  ADD PRIMARY KEY (`id_trajet`),
  ADD KEY `FK_fait` (`id_voiture`),
  ADD KEY `FK_supprimer` (`id_user`);

--
-- Index pour la table `traverse`
--
ALTER TABLE `traverse`
  ADD PRIMARY KEY (`id_trajet`,`identifiant_op`),
  ADD KEY `FK_traverse2` (`identifiant_op`);

--
-- Index pour la table `utilisateur`
--
ALTER TABLE `utilisateur`
  ADD PRIMARY KEY (`id_user`);

--
-- Index pour la table `ville`
--
ALTER TABLE `ville`
  ADD PRIMARY KEY (`identifiant_op`);

--
-- Index pour la table `voiture`
--
ALTER TABLE `voiture`
  ADD PRIMARY KEY (`id_voiture`),
  ADD KEY `FK_possede` (`id_user`);

--
-- AUTO_INCREMENT pour les tables exportées
--

--
-- AUTO_INCREMENT pour la table `utilisateur`
--
ALTER TABLE `utilisateur`
  MODIFY `id_user` int(11) NOT NULL AUTO_INCREMENT, AUTO_INCREMENT=22;
--
-- Contraintes pour les tables exportées
--

--
-- Contraintes pour la table `appartient`
--
ALTER TABLE `appartient`
  ADD CONSTRAINT `FK_appartient` FOREIGN KEY (`id_groupe`) REFERENCES `groupe` (`id_groupe`) ON DELETE CASCADE ON UPDATE CASCADE;

--
-- Contraintes pour la table `participe`
--
ALTER TABLE `participe`
  ADD CONSTRAINT `FK_participe2` FOREIGN KEY (`id_trajet`) REFERENCES `trajet` (`id_trajet`);

--
-- Contraintes pour la table `propose`
--
ALTER TABLE `propose`
  ADD CONSTRAINT `FK_propose2` FOREIGN KEY (`id_trajet`) REFERENCES `trajet` (`id_trajet`);

--
-- Contraintes pour la table `realise`
--
ALTER TABLE `realise`
  ADD CONSTRAINT `FK_realise` FOREIGN KEY (`id_groupe`) REFERENCES `groupe` (`id_groupe`) ON UPDATE CASCADE,
  ADD CONSTRAINT `FK_realise2` FOREIGN KEY (`id_trajet`) REFERENCES `trajet` (`id_trajet`) ON DELETE CASCADE ON UPDATE CASCADE;

--
-- Contraintes pour la table `trajet`
--
ALTER TABLE `trajet`
  ADD CONSTRAINT `FK_fait` FOREIGN KEY (`id_voiture`) REFERENCES `voiture` (`id_voiture`) ON UPDATE CASCADE;

--
-- Contraintes pour la table `traverse`
--
ALTER TABLE `traverse`
  ADD CONSTRAINT `FK_traverse` FOREIGN KEY (`id_trajet`) REFERENCES `trajet` (`id_trajet`) ON DELETE CASCADE ON UPDATE CASCADE,
  ADD CONSTRAINT `FK_traverse2` FOREIGN KEY (`identifiant_op`) REFERENCES `ville` (`identifiant_op`) ON DELETE CASCADE ON UPDATE CASCADE;

/*!40101 SET CHARACTER_SET_CLIENT=@OLD_CHARACTER_SET_CLIENT */;
/*!40101 SET CHARACTER_SET_RESULTS=@OLD_CHARACTER_SET_RESULTS */;
/*!40101 SET COLLATION_CONNECTION=@OLD_COLLATION_CONNECTION */;
