INSERT INTO `utilisateur` (`id_user`,`nom_user`,`prenom_user`,`est_admin`,`telephone`,`email`,`login`,`password`) VALUES (1,"Zeus","Matthew",0,"06 51 83 56 70","vel.venenatis@nuncsedlibero.org","Lavinia","quam"),(2,"Signe","Cheryl",1,"06 98 51 37 31","Cras@purus.co.uk","Oscar","et");
INSERT INTO `utilisateur` (`id_user`,`nom_user`,`prenom_user`,`est_admin`,`telephone`,`email`,`login`,`password`) VALUES (3,"Raymond","Curran",1,"06 14 74 51 76","et.commodo.at@ridiculusmusProin.org","Illiana","suscipit,"),(4,"Yeo","Elmo",0,"06 21 24 65 96","elit@tinciduntcongue.com","Farrah","amet");
INSERT INTO `utilisateur` (`id_user`,`nom_user`,`prenom_user`,`est_admin`,`telephone`,`email`,`login`,`password`) VALUES (5,"George","Jonah",0,"06 03 43 09 67","justo@Phasellusataugue.edu","Camden","pharetra"),(6,"Shelley","Nigel",0,"06 88 97 63 08","dapibus.ligula@eunulla.edu","Jack","mauris.");
INSERT INTO `utilisateur` (`id_user`,`nom_user`,`prenom_user`,`est_admin`,`telephone`,`email`,`login`,`password`) VALUES (7,"Lacy","Amos",1,"06 30 41 72 66","massa.rutrum@nonluctus.edu","Whilemina","augue"),(8,"Josiah","Gabriel",1,"06 17 88 70 97","vitae.aliquam@pellentesquetellus.net","Geoffrey","mi.");
INSERT INTO `utilisateur` (`id_user`,`nom_user`,`prenom_user`,`est_admin`,`telephone`,`email`,`login`,`password`) VALUES (9,"Winifred","Jacqueline",1,"06 34 74 41 22","enim@vitae.com","Jeremy","rutrum"),(10,"Skyler","Hop",1,"06 69 28 36 15","Donec@ridiculus.ca","Patience","metus.");
INSERT INTO `utilisateur` (`id_user`,`nom_user`,`prenom_user`,`est_admin`,`telephone`,`email`,`login`,`password`) VALUES (11,"Garrison","Audrey",1,"06 47 86 10 65","malesuada@nec.com","Hayes","ipsum."),(12,"Merritt","Orlando",0,"06 88 98 73 24","nec@ligulaelitpretium.ca","Hoyt","at");
INSERT INTO `utilisateur` (`id_user`,`nom_user`,`prenom_user`,`est_admin`,`telephone`,`email`,`login`,`password`) VALUES (13,"Mollie","Todd",0,"06 29 45 69 89","Vivamus@pedeCras.net","Malcolm","a"),(14,"William","Cody",1,"06 18 28 71 64","ullamcorper.Duis.cursus@Crassed.net","Skyler","consequat");
INSERT INTO `utilisateur` (`id_user`,`nom_user`,`prenom_user`,`est_admin`,`telephone`,`email`,`login`,`password`) VALUES (15,"Skyler","Steven",1,"06 86 57 91 73","bibendum.ullamcorper@dictum.net","Abbot","blandit"),(16,"Pascale","Octavius",0,"06 39 34 26 43","Morbi.vehicula.Pellentesque@Maurisnon.org","Idola","tempus");
INSERT INTO `utilisateur` (`id_user`,`nom_user`,`prenom_user`,`est_admin`,`telephone`,`email`,`login`,`password`) VALUES (17,"Jolie","Alan",1,"06 43 84 99 25","Quisque.nonummy@elitCurabitursed.net","Thor","et"),(18,"Hayden","Michael",1,"06 90 61 44 65","lacus.Quisque.purus@pedeNuncsed.ca","Lane","sapien");
INSERT INTO `utilisateur` (`id_user`,`nom_user`,`prenom_user`,`est_admin`,`telephone`,`email`,`login`,`password`) VALUES (19,"Kenneth","India",0,"06 52 04 69 00","aliquam.arcu.Aliquam@facilisismagna.net","Vance","cursus"),(20,"Lance","Darryl",0,"06 34 26 69 55","ligula.Aenean@orci.com","Bell","ridiculus");
INSERT INTO `utilisateur` (`id_user`,`nom_user`,`prenom_user`,`est_admin`,`telephone`,`email`,`login`,`password`) VALUES (21,"Lars","Charity",0,"06 60 54 72 35","torquent@mauris.ca","Bevis","Donec"),(22,"Arsenio","Kalia",0,"06 60 09 26 23","dolor.sit.amet@metuseuerat.co.uk","Ignatius","a");
INSERT INTO `utilisateur` (`id_user`,`nom_user`,`prenom_user`,`est_admin`,`telephone`,`email`,`login`,`password`) VALUES (23,"Tallulah","Colt",1,"06 21 91 08 77","sollicitudin@arcu.edu","Gregory","augue,"),(24,"Sandra","Madison",0,"06 05 36 27 30","hendrerit@odioNaminterdum.com","Rogan","tempor");
INSERT INTO `utilisateur` (`id_user`,`nom_user`,`prenom_user`,`est_admin`,`telephone`,`email`,`login`,`password`) VALUES (25,"Desiree","Brandon",1,"06 17 36 01 23","cursus.purus@imperdietnon.co.uk","Tiger","Ut"),(26,"Stuart","Barrett",1,"06 10 25 95 17","pede.nonummy.ut@id.co.uk","Lillith","nibh");
INSERT INTO `utilisateur` (`id_user`,`nom_user`,`prenom_user`,`est_admin`,`telephone`,`email`,`login`,`password`) VALUES (27,"Kane","Axel",1,"06 16 08 37 42","ut.erat@magnaCrasconvallis.org","Leilani","ad"),(28,"Aaron","Frances",0,"06 75 79 84 82","dictum@Pellentesque.org","Keane","laoreet");
INSERT INTO `utilisateur` (`id_user`,`nom_user`,`prenom_user`,`est_admin`,`telephone`,`email`,`login`,`password`) VALUES (29,"Vincent","Yardley",0,"06 53 54 68 14","Cras.eget@sociisnatoque.net","Hiram","egestas"),(30,"Dora","Kyla",1,"06 73 28 39 31","commodo.tincidunt@dolorFuscefeugiat.ca","Patrick","dictum");
INSERT INTO `utilisateur` (`id_user`,`nom_user`,`prenom_user`,`est_admin`,`telephone`,`email`,`login`,`password`) VALUES (31,"Lacota","Rooney",1,"06 52 46 20 71","Duis.at@pharetraut.com","Alden","hymenaeos."),(32,"Chiquita","Ulysses",1,"06 17 35 48 02","magna.Suspendisse@Nullam.edu","Raya","turpis.");
INSERT INTO `utilisateur` (`id_user`,`nom_user`,`prenom_user`,`est_admin`,`telephone`,`email`,`login`,`password`) VALUES (33,"Larissa","Rafael",0,"06 17 20 15 09","nunc.id@justoProinnon.org","Armando","Sed"),(34,"Shannon","George",1,"06 40 47 67 85","Mauris.ut@quamelementumat.ca","Salvador","nulla");
INSERT INTO `utilisateur` (`id_user`,`nom_user`,`prenom_user`,`est_admin`,`telephone`,`email`,`login`,`password`) VALUES (35,"Gwendolyn","Raja",1,"06 31 88 44 80","blandit.mattis@nisisemsemper.co.uk","Haviva","Curae;"),(36,"Lucius","Victor",1,"06 41 22 68 37","sed@enimconsequatpurus.com","Jade","amet");
INSERT INTO `utilisateur` (`id_user`,`nom_user`,`prenom_user`,`est_admin`,`telephone`,`email`,`login`,`password`) VALUES (37,"Emery","Robert",0,"06 11 98 32 22","ligula@commodo.net","Ebony","eget"),(38,"Wylie","Porter",1,"06 03 86 15 08","ac.turpis.egestas@lobortisquam.net","Kendall","ante");
INSERT INTO `utilisateur` (`id_user`,`nom_user`,`prenom_user`,`est_admin`,`telephone`,`email`,`login`,`password`) VALUES (39,"Lani","Thor",1,"06 35 88 64 19","tortor.Integer.aliquam@egetlacus.edu","Sarah","penatibus"),(40,"Merritt","Fritz",1,"06 89 58 89 56","amet.lorem.semper@feugiatSednec.co.uk","Imogene","eros.");
INSERT INTO `utilisateur` (`id_user`,`nom_user`,`prenom_user`,`est_admin`,`telephone`,`email`,`login`,`password`) VALUES (41,"Evan","Wing",1,"06 20 42 07 78","Ut.tincidunt.orci@semperrutrum.co.uk","Rooney","Pellentesque"),(42,"Abel","Iola",0,"06 30 80 37 46","consectetuer.rhoncus.Nullam@vel.ca","Dorothy","enim,");
INSERT INTO `utilisateur` (`id_user`,`nom_user`,`prenom_user`,`est_admin`,`telephone`,`email`,`login`,`password`) VALUES (43,"Lynn","Carolyn",1,"06 75 92 52 98","nisi.Cum@ullamcorperviverraMaecenas.org","Lucius","malesuada"),(44,"Camden","Norman",1,"06 92 59 50 19","mi.enim@inhendrerit.com","Wynter","diam.");
INSERT INTO `utilisateur` (`id_user`,`nom_user`,`prenom_user`,`est_admin`,`telephone`,`email`,`login`,`password`) VALUES (45,"Malik","Tatyana",1,"06 08 98 33 18","posuere.cubilia.Curae@sociis.ca","Barrett","consectetuer,"),(46,"Denton","Brielle",1,"06 46 68 32 39","amet.consectetuer@placerategetvenenatis.net","Paloma","convallis");
INSERT INTO `utilisateur` (`id_user`,`nom_user`,`prenom_user`,`est_admin`,`telephone`,`email`,`login`,`password`) VALUES (47,"Chase","Latifah",1,"06 83 95 03 20","mollis.Integer.tincidunt@nislQuisque.edu","Mohammad","in"),(48,"Lydia","Elton",0,"06 68 57 88 19","nec@ametconsectetueradipiscing.org","Dora","erat");
INSERT INTO `utilisateur` (`id_user`,`nom_user`,`prenom_user`,`est_admin`,`telephone`,`email`,`login`,`password`) VALUES (49,"Nevada","Celeste",1,"06 63 45 00 37","in.hendrerit.consectetuer@auctornon.org","Stuart","metus"),(50,"Stacey","Sage",1,"06 47 58 51 46","aliquet@tacitisociosqu.ca","Irene","dapibus");
INSERT INTO `utilisateur` (`id_user`,`nom_user`,`prenom_user`,`est_admin`,`telephone`,`email`,`login`,`password`) VALUES (51,"Katell","Roth",1,"06 56 25 43 94","orci.Ut@tempuslorem.net","Zephania","Sed"),(52,"Rahim","Mason",1,"06 57 80 13 95","magna.a@nibh.org","Lionel","erat");
INSERT INTO `utilisateur` (`id_user`,`nom_user`,`prenom_user`,`est_admin`,`telephone`,`email`,`login`,`password`) VALUES (53,"Deborah","Sharon",1,"06 52 08 34 41","a.neque.Nullam@interdumNunc.org","Slade","vulputate,"),(54,"Hedley","Patrick",0,"06 87 17 74 43","lorem@commodoauctor.org","Wing","in");
INSERT INTO `utilisateur` (`id_user`,`nom_user`,`prenom_user`,`est_admin`,`telephone`,`email`,`login`,`password`) VALUES (55,"Ashely","Alfreda",0,"06 82 69 66 89","nec@neque.ca","Lucy","lorem."),(56,"Althea","Burton",0,"06 81 50 48 53","erat.Sed.nunc@Duisa.com","Jeanette","rutrum.");
INSERT INTO `utilisateur` (`id_user`,`nom_user`,`prenom_user`,`est_admin`,`telephone`,`email`,`login`,`password`) VALUES (57,"Lee","Samson",0,"06 75 68 42 42","elit@malesuada.org","Basil","lorem"),(58,"Rajah","Gannon",1,"06 22 62 68 82","Mauris@auctor.com","Kaseem","fermentum");
INSERT INTO `utilisateur` (`id_user`,`nom_user`,`prenom_user`,`est_admin`,`telephone`,`email`,`login`,`password`) VALUES (59,"Hammett","Ulysses",1,"06 45 73 54 77","ipsum.sodales@idmollisnec.co.uk","Benjamin","nisi"),(60,"Kelly","Bell",0,"06 67 43 21 79","faucibus.ut.nulla@lacusUt.co.uk","Justin","diam.");
INSERT INTO `utilisateur` (`id_user`,`nom_user`,`prenom_user`,`est_admin`,`telephone`,`email`,`login`,`password`) VALUES (61,"Tate","Fay",0,"06 94 39 70 45","ipsum.Curabitur.consequat@Sed.ca","Emery","malesuada"),(62,"Tiger","Iris",0,"06 52 78 14 58","augue@arcuiaculisenim.ca","Rhona","tempor");
INSERT INTO `utilisateur` (`id_user`,`nom_user`,`prenom_user`,`est_admin`,`telephone`,`email`,`login`,`password`) VALUES (63,"Beau","Melodie",0,"06 05 53 01 76","nec@egetvenenatis.com","Sydnee","ligula."),(64,"Rinah","Oliver",1,"06 28 14 26 42","Sed.molestie.Sed@elita.net","Burke","arcu.");
INSERT INTO `utilisateur` (`id_user`,`nom_user`,`prenom_user`,`est_admin`,`telephone`,`email`,`login`,`password`) VALUES (65,"Elizabeth","Prescott",0,"06 86 33 95 14","Aenean.sed@odio.ca","Maggie","turpis."),(66,"Kieran","Dalton",1,"06 18 09 02 15","eu.odio.Phasellus@Donecfringilla.org","Abdul","congue,");
INSERT INTO `utilisateur` (`id_user`,`nom_user`,`prenom_user`,`est_admin`,`telephone`,`email`,`login`,`password`) VALUES (67,"Caleb","Keelie",1,"06 49 66 82 61","Cras.vulputate@nasceturridiculus.co.uk","Odette","lectus,"),(68,"Stewart","Belle",1,"06 87 26 64 70","non@lacinia.ca","Ishmael","et");
INSERT INTO `utilisateur` (`id_user`,`nom_user`,`prenom_user`,`est_admin`,`telephone`,`email`,`login`,`password`) VALUES (69,"Camden","Medge",1,"06 76 16 69 42","pellentesque@Curabiturconsequat.ca","Avye","malesuada"),(70,"Mona","Reuben",1,"06 98 12 25 07","tincidunt.neque.vitae@disparturient.edu","Glenna","vel");
INSERT INTO `utilisateur` (`id_user`,`nom_user`,`prenom_user`,`est_admin`,`telephone`,`email`,`login`,`password`) VALUES (71,"Nayda","Megan",0,"06 04 61 25 60","Nulla.eu@NuncmaurisMorbi.org","Acton","Integer"),(72,"Jeanette","Wendy",1,"06 48 19 34 59","mauris.Morbi@laoreet.edu","Channing","magna.");
INSERT INTO `utilisateur` (`id_user`,`nom_user`,`prenom_user`,`est_admin`,`telephone`,`email`,`login`,`password`) VALUES (73,"Lillian","Bert",1,"06 62 99 03 70","lacus.vestibulum@malesuadautsem.edu","Elton","porttitor"),(74,"Kylee","Reuben",0,"06 02 87 60 50","nulla.at.sem@leoMorbi.org","Lilah","ultricies");
INSERT INTO `utilisateur` (`id_user`,`nom_user`,`prenom_user`,`est_admin`,`telephone`,`email`,`login`,`password`) VALUES (75,"Leilani","Rae",0,"06 62 93 19 39","elementum@diamProindolor.ca","Genevieve","penatibus"),(76,"Irene","Ali",1,"06 06 84 88 19","est.mollis.non@commodoat.org","Veronica","Duis");
INSERT INTO `utilisateur` (`id_user`,`nom_user`,`prenom_user`,`est_admin`,`telephone`,`email`,`login`,`password`) VALUES (77,"Stephen","Abel",0,"06 48 36 68 61","volutpat.nunc.sit@cursusIntegermollis.org","Elton","Aenean"),(78,"Iliana","Orli",1,"06 88 29 94 11","enim.sit.amet@blandit.edu","Jasper","iaculis");
INSERT INTO `utilisateur` (`id_user`,`nom_user`,`prenom_user`,`est_admin`,`telephone`,`email`,`login`,`password`) VALUES (79,"Cassady","Salvador",0,"06 51 36 94 47","elit@nuncidenim.ca","Ann","a"),(80,"Cameron","Hiram",1,"06 06 76 65 80","arcu.imperdiet@Proin.org","Dillon","non,");
INSERT INTO `utilisateur` (`id_user`,`nom_user`,`prenom_user`,`est_admin`,`telephone`,`email`,`login`,`password`) VALUES (81,"Colette","Russell",0,"06 94 62 38 55","nec.euismod.in@In.co.uk","Natalie","ante"),(82,"Phillip","Delilah",1,"06 95 62 71 03","orci.luctus@nisl.org","Portia","vitae");
INSERT INTO `utilisateur` (`id_user`,`nom_user`,`prenom_user`,`est_admin`,`telephone`,`email`,`login`,`password`) VALUES (83,"Holmes","Gavin",0,"06 92 02 35 52","dis.parturient@montes.co.uk","Tate","Aliquam"),(84,"Ifeoma","Teegan",0,"06 62 16 15 90","pellentesque.tellus@lacusNulla.com","Graiden","Maecenas");
INSERT INTO `utilisateur` (`id_user`,`nom_user`,`prenom_user`,`est_admin`,`telephone`,`email`,`login`,`password`) VALUES (85,"Brianna","Lacy",0,"06 21 71 25 54","imperdiet.non@telluseuaugue.ca","Igor","Aliquam"),(86,"Amy","Juliet",0,"06 86 78 04 45","ipsum.Donec.sollicitudin@Fuscemilorem.ca","Eleanor","at");
INSERT INTO `utilisateur` (`id_user`,`nom_user`,`prenom_user`,`est_admin`,`telephone`,`email`,`login`,`password`) VALUES (87,"Lenore","Melodie",1,"06 91 74 71 64","nec@magnis.co.uk","Karyn","mollis."),(88,"Galvin","Hall",1,"06 78 09 56 68","aliquam.enim.nec@etnetuset.net","Emily","mus.");
INSERT INTO `utilisateur` (`id_user`,`nom_user`,`prenom_user`,`est_admin`,`telephone`,`email`,`login`,`password`) VALUES (89,"Sheila","Griffith",1,"06 13 94 67 00","iaculis@infaucibus.com","Bruce","Aenean"),(90,"Hanna","Yen",1,"06 18 86 26 88","sed.libero.Proin@Nulla.net","Wesley","Cras");
INSERT INTO `utilisateur` (`id_user`,`nom_user`,`prenom_user`,`est_admin`,`telephone`,`email`,`login`,`password`) VALUES (91,"Stuart","Cailin",1,"06 65 70 98 92","eu.enim@SuspendisseeleifendCras.com","Ursa","dapibus"),(92,"Jescie","Neville",1,"06 67 95 25 15","a@sociisnatoque.co.uk","Daphne","a");
INSERT INTO `utilisateur` (`id_user`,`nom_user`,`prenom_user`,`est_admin`,`telephone`,`email`,`login`,`password`) VALUES (93,"Emmanuel","Octavia",0,"06 46 60 08 86","elementum.at@natoque.ca","Lane","pharetra,"),(94,"Delilah","Lani",0,"06 14 00 27 10","tristique.senectus.et@porttitor.com","Brenda","commodo");
INSERT INTO `utilisateur` (`id_user`,`nom_user`,`prenom_user`,`est_admin`,`telephone`,`email`,`login`,`password`) VALUES (95,"Ethan","Scott",0,"06 78 80 28 90","Suspendisse@lobortisnisi.net","Hop","a"),(96,"Elton","Phyllis",1,"06 06 13 16 07","Aenean.egestas@lacusNullatincidunt.edu","Martina","magnis");
INSERT INTO `utilisateur` (`id_user`,`nom_user`,`prenom_user`,`est_admin`,`telephone`,`email`,`login`,`password`) VALUES (97,"Colin","Maite",1,"06 31 12 78 89","blandit@nuncsed.ca","Cairo","Sed"),(98,"Brennan","Gray",0,"06 20 54 26 23","sollicitudin.orci@blandit.edu","Deanna","penatibus");
INSERT INTO `utilisateur` (`id_user`,`nom_user`,`prenom_user`,`est_admin`,`telephone`,`email`,`login`,`password`) VALUES (99,"Germane","Jack",0,"06 22 24 48 85","Phasellus.dolor@eratnequenon.org","Naida","ridiculus"),(100,"Oprah","Griffith",0,"06 59 18 94 86","Cras.eget@Proinsedturpis.org","Joshua","Cras");
INSERT INTO `utilisateur` (`id_user`,`nom_user`,`prenom_user`,`est_admin`,`telephone`,`email`,`login`,`password`) VALUES (101,"Jamalia","Xanthus",1,"06 32 15 85 29","ornare.tortor.at@metusvitae.ca","Marny","faucibus."),(102,"Dominic","Bertha",1,"06 63 23 78 74","enim@dui.co.uk","Tiger","penatibus"),(103,"Neil","Francesca",0,"06 64 35 86 37","metus@utlacusNulla.edu","Isadora","augue"),(104,"Ian","Tate",0,"06 15 55 05 36","lorem.luctus.ut@adipiscing.edu","Ferdinand","eget"),(105,"Shelly","Lev",1,"06 59 91 52 57","laoreet@parturientmontesnascetur.edu","Keane","magna"),(106,"Hakeem","Zeus",1,"06 33 22 67 85","dolor.Fusce@lacinia.co.uk","Felicia","sit"),(107,"Ariel","Kamal",1,"06 96 68 23 70","conubia.nostra.per@tempus.com","Walker","dolor"),(108,"Galena","Irma",0,"06 79 90 82 33","parturient@ut.com","Quon","metus"),(109,"Conan","Irene",0,"06 11 98 17 65","magna.Duis@euismodurna.ca","Rhona","convallis"),(110,"Jacqueline","Hunter",1,"06 26 52 24 11","dui.lectus.rutrum@et.edu","Baker","tincidunt");
INSERT INTO `utilisateur` (`id_user`,`nom_user`,`prenom_user`,`est_admin`,`telephone`,`email`,`login`,`password`) VALUES (111,"Kay","Daquan",0,"06 08 29 78 90","Duis@lectuspedeet.net","Theodore","sem"),(112,"Yoshio","Jason",0,"06 46 95 15 01","Duis.volutpat.nunc@Nuncsedorci.org","Flavia","orci,"),(113,"Allen","Hanna",1,"06 44 89 45 11","amet.massa@gravidamauris.edu","Keane","ipsum."),(114,"Xantha","Bree",1,"06 23 22 94 76","ornare.placerat@loremvehiculaet.co.uk","Alexis","per"),(115,"Benedict","Mark",0,"06 06 09 92 93","Morbi@commodoipsum.net","Regina","Phasellus"),(116,"Ignacia","Inga",1,"06 09 74 96 57","Morbi.accumsan.laoreet@malesuadafames.com","Victor","nec"),(117,"Felix","Christopher",1,"06 89 11 14 87","massa@elitNullafacilisi.ca","Connor","Quisque"),(118,"Brenna","Edan",0,"06 03 53 81 25","non@massaSuspendisse.com","Lewis","et,"),(119,"Caleb","Keaton",1,"06 19 65 05 37","ultricies.adipiscing@nondapibusrutrum.org","Leilani","tortor"),(120,"Olivia","Velma",1,"06 47 17 21 57","est.tempor.bibendum@mus.com","Ocean","hendrerit.");
INSERT INTO `utilisateur` (`id_user`,`nom_user`,`prenom_user`,`est_admin`,`telephone`,`email`,`login`,`password`) VALUES (121,"Cade","Julie",1,"06 09 31 53 03","non.massa.non@urna.ca","Blaze","ipsum"),(122,"Peter","Tanek",1,"06 51 46 88 70","hendrerit@neceuismodin.net","Jaden","dolor"),(123,"Jelani","Sybil",0,"06 06 80 42 21","metus.vitae.velit@liberomaurisaliquam.co.uk","Garrett","arcu"),(124,"Harrison","Elijah",1,"06 40 16 30 70","arcu.eu@sollicitudina.ca","Gloria","iaculis"),(125,"Lillith","Madeline",0,"06 82 37 58 85","et.ultrices@consequatdolorvitae.co.uk","Hector","sem"),(126,"Neil","Aurelia",1,"06 87 38 64 02","eget@mollis.ca","Lawrence","odio."),(127,"Cailin","Nigel",1,"06 69 30 68 65","Vestibulum.ut@dapibusrutrum.net","Jermaine","Suspendisse"),(128,"Gail","Sebastian",0,"06 26 57 77 42","diam@Loremipsumdolor.com","Kiayada","arcu"),(129,"Xanthus","Drew",0,"06 18 30 95 51","Pellentesque.ultricies.dignissim@pharetrased.edu","Chastity","nunc"),(130,"Alan","Ross",0,"06 26 64 36 09","commodo.tincidunt@velitdui.net","Jackson","turpis");
INSERT INTO `utilisateur` (`id_user`,`nom_user`,`prenom_user`,`est_admin`,`telephone`,`email`,`login`,`password`) VALUES (131,"Akeem","Dean",1,"06 06 86 05 45","Fusce@Nulla.co.uk","Linus","Cum"),(132,"Chastity","Martin",0,"06 85 07 00 92","non.quam@nibhenim.co.uk","Travis","lorem"),(133,"Kimberley","Helen",0,"06 71 57 25 02","Integer.id.magna@turpis.edu","Summer","a"),(134,"Kelsey","Fredericka",1,"06 81 74 13 25","cursus.Nunc.mauris@egestaslaciniaSed.co.uk","James","faucibus"),(135,"Clinton","Roanna",0,"06 87 70 55 45","dis.parturient@maurisipsumporta.co.uk","Sylvia","sem"),(136,"Dolan","Warren",1,"06 91 88 36 24","habitant.morbi.tristique@molestie.org","Keely","leo."),(137,"Sonya","Quincy",0,"06 34 04 73 01","eu.erat@urnaNuncquis.net","Jada","ornare,"),(138,"Cody","Martin",0,"06 26 57 41 77","ut.quam@vulputatemaurissagittis.edu","Murphy","luctus"),(139,"Lila","Joy",1,"06 41 47 31 29","adipiscing.lobortis@augue.net","Morgan","purus."),(140,"Libby","Edward",1,"06 62 80 24 34","Phasellus.elit.pede@enimSuspendissealiquet.com","Burton","vehicula");
INSERT INTO `utilisateur` (`id_user`,`nom_user`,`prenom_user`,`est_admin`,`telephone`,`email`,`login`,`password`) VALUES (141,"Ahmed","Hayden",1,"06 90 98 11 72","gravida.Aliquam@in.net","Luke","leo."),(142,"Echo","Edan",0,"06 43 88 16 31","dolor.Nulla.semper@ametconsectetuer.edu","Grace","nec,"),(143,"Stacy","Quinn",1,"06 09 77 40 28","semper.et.lacinia@condimentum.co.uk","Carl","molestie"),(144,"Lamar","Tatyana",0,"06 20 32 96 79","molestie@ante.net","Dane","sapien."),(145,"Elliott","Stella",0,"06 13 60 58 84","et@sapien.org","Darrel","dapibus"),(146,"Amery","Addison",0,"06 44 34 84 59","faucibus@Nam.co.uk","Kylee","bibendum."),(147,"Harlan","Martin",1,"06 52 84 38 08","Suspendisse.non@ultricies.co.uk","Astra","Nullam"),(148,"Felicia","Shelly",1,"06 55 35 88 03","ipsum@taciti.com","Zane","risus"),(149,"Andrew","Tobias",1,"06 57 64 93 22","vulputate@tinciduntvehicularisus.org","Eden","adipiscing"),(150,"Nathaniel","Colette",1,"06 94 23 51 23","neque@liberoMorbiaccumsan.com","Jenna","varius");
INSERT INTO `utilisateur` (`id_user`,`nom_user`,`prenom_user`,`est_admin`,`telephone`,`email`,`login`,`password`) VALUES (151,"Alexander","Freya",1,"06 11 75 69 30","tellus.eu@Fusce.ca","Casey","lacus."),(152,"Ainsley","Xantha",0,"06 22 74 54 20","porttitor.interdum.Sed@egettinciduntdui.net","Harper","sodales."),(153,"Ethan","Libby",0,"06 59 15 68 46","Sed@dictumProineget.ca","Neville","tellus."),(154,"Clayton","Lev",0,"06 61 03 08 97","magna.et.ipsum@consectetuerrhoncus.co.uk","Sylvester","montes,"),(155,"Kiona","Audrey",1,"06 13 00 73 82","mollis@duisemperet.edu","Allegra","vulputate"),(156,"Wing","Violet",1,"06 57 87 97 44","Aliquam@molestiein.ca","Lyle","eu"),(157,"Zachary","Leroy",0,"06 96 51 34 91","ultricies@nequepellentesquemassa.net","Joshua","ac"),(158,"Dora","Gretchen",1,"06 68 09 49 30","eleifend.Cras.sed@enimSuspendissealiquet.co.uk","Tucker","Cras"),(159,"Henry","Wyoming",0,"06 27 29 98 65","sit.amet@sed.edu","Stuart","tristique"),(160,"Mona","Elaine",0,"06 63 91 80 35","interdum@luctusipsumleo.net","Nayda","In");
INSERT INTO `utilisateur` (`id_user`,`nom_user`,`prenom_user`,`est_admin`,`telephone`,`email`,`login`,`password`) VALUES (161,"Fatima","Nyssa",0,"06 30 02 27 47","ac.risus.Morbi@mauris.ca","Jillian","Morbi"),(162,"Garrison","Marvin",1,"06 12 93 29 75","magnis.dis@convallis.edu","Buffy","Aliquam"),(163,"Skyler","Samantha",0,"06 33 26 86 37","ligula.eu@suscipit.edu","Lacota","sed,"),(164,"Logan","Cain",0,"06 67 54 57 99","consectetuer@turpisnon.ca","Alisa","dapibus"),(165,"Simon","Yuli",1,"06 96 57 37 08","aliquet.sem.ut@convallisdolorQuisque.co.uk","Miriam","eleifend"),(166,"Cain","Keiko",0,"06 38 76 52 55","sem.elit.pharetra@est.edu","Madaline","semper"),(167,"Francesca","Aline",1,"06 63 59 72 55","tincidunt.congue.turpis@massa.co.uk","Elmo","odio"),(168,"Sierra","Elijah",0,"06 84 10 54 92","iaculis.nec.eleifend@variusNam.net","Aileen","nisl."),(169,"Joan","Phelan",0,"06 40 72 58 23","lorem.lorem@elitfermentum.net","Wyoming","feugiat"),(170,"Sarah","Gwendolyn",0,"06 38 33 02 63","Quisque.nonummy@nullamagnamalesuada.edu","Oren","pharetra.");
INSERT INTO `utilisateur` (`id_user`,`nom_user`,`prenom_user`,`est_admin`,`telephone`,`email`,`login`,`password`) VALUES (171,"Caldwell","Jasper",0,"06 20 03 41 69","nec.cursus.a@vulputatedui.co.uk","Christopher","netus"),(172,"Sydney","Hasad",0,"06 67 80 57 29","metus@lectus.edu","Rajah","nisl"),(173,"Micah","Lamar",1,"06 15 23 96 93","sollicitudin.a.malesuada@nuncest.co.uk","Acton","Nullam"),(174,"Xenos","Camille",0,"06 87 60 23 29","mauris.erat@velturpis.net","Garrett","malesuada"),(175,"Paul","Judah",0,"06 09 97 40 15","Nunc@Aliquamvulputateullamcorper.net","Randall","quam."),(176,"Sawyer","Aphrodite",0,"06 51 32 15 18","dui.in.sodales@ac.ca","Sebastian","ligula."),(177,"Jacqueline","Emerald",1,"06 58 06 93 35","Curae.Phasellus.ornare@Duisrisusodio.com","Constance","Suspendisse"),(178,"Noelani","Chelsea",1,"06 85 73 65 34","vulputate.lacus.Cras@molestie.com","Britanney","odio"),(179,"Lester","Forrest",0,"06 53 59 42 38","orci@feugiatnec.com","Wyatt","Nulla"),(180,"Declan","Chantale",0,"06 63 44 82 69","Fusce@adipiscingnon.co.uk","Garrison","lobortis");
INSERT INTO `utilisateur` (`id_user`,`nom_user`,`prenom_user`,`est_admin`,`telephone`,`email`,`login`,`password`) VALUES (181,"Cody","Gregory",1,"06 02 97 99 98","Fusce@Praesent.co.uk","Sade","Sed"),(182,"Owen","Nissim",1,"06 00 52 49 44","vitae.aliquam@nequeMorbiquis.ca","Brenden","Fusce"),(183,"Quinlan","Nomlanga",0,"06 98 77 42 00","vestibulum.nec@elitdictumeu.net","Grace","sed"),(184,"Tyler","Gareth",1,"06 26 97 94 76","porttitor.scelerisque.neque@Suspendissealiquetsem.org","Priscilla","at,"),(185,"Winter","Tatum",1,"06 76 59 19 35","arcu.Sed@elit.com","Nathaniel","hendrerit"),(186,"Upton","Zia",1,"06 42 15 31 80","Vestibulum@cursusNuncmauris.co.uk","Leilani","Sed"),(187,"Sasha","Raphael",0,"06 13 34 17 65","purus@facilisismagnatellus.org","Tatyana","euismod"),(188,"Odysseus","Perry",1,"06 50 15 46 65","tempor.bibendum@gravidamaurisut.net","Maisie","eget,"),(189,"Harlan","Shaeleigh",1,"06 03 42 51 43","sit.amet.metus@ultricesposuerecubilia.org","Demetrius","orci"),(190,"Hermione","Summer",1,"06 46 80 33 40","amet.consectetuer.adipiscing@nibhdolornonummy.ca","Oleg","cursus");
INSERT INTO `utilisateur` (`id_user`,`nom_user`,`prenom_user`,`est_admin`,`telephone`,`email`,`login`,`password`) VALUES (191,"Tad","Merrill",0,"06 98 46 88 30","placerat.eget@elit.edu","Sydney","tincidunt"),(192,"Haviva","Macaulay",1,"06 79 72 82 67","Nullam.feugiat.placerat@vestibulumMauris.net","Cameron","dolor."),(193,"Amal","Eve",0,"06 88 91 76 10","at.fringilla@miAliquam.com","Jamalia","Nullam"),(194,"Octavius","Mariam",1,"06 89 52 82 54","iaculis@ullamcorper.co.uk","August","sagittis"),(195,"Zoe","Dakota",0,"06 20 85 74 91","eget.massa.Suspendisse@eueratsemper.com","Patience","et"),(196,"Cameron","Oleg",0,"06 02 00 45 75","semper@parturientmontes.ca","Wing","arcu."),(197,"Judith","Leroy",0,"06 14 96 00 17","tincidunt.nunc@augue.com","Charde","dui,"),(198,"Kameko","Callie",0,"06 70 24 27 51","dolor@eratSednunc.org","Jordan","vitae,"),(199,"Kaden","Samuel",0,"06 58 80 16 78","aliquam@Suspendissesagittis.net","Courtney","et"),(200,"Ila","Karen",0,"06 67 76 64 20","risus.a@acarcuNunc.ca","William","lacus");

INSERT INTO `voiture` (`id_voiture`,`id_user`,`modele`,`couleur`,`nombre_places`) VALUES (1,47,"Volvo","cyan",1),(2,108,"Skoda","bleu",3),(3,147,"Honda","blanc",3);
INSERT INTO `voiture` (`id_voiture`,`id_user`,`modele`,`couleur`,`nombre_places`) VALUES (4,20,"Chevrolet","rouge",6),(5,183,"Cadillac","cyan",4),(6,47,"Mahindra and Mahindra","jaune",4);
INSERT INTO `voiture` (`id_voiture`,`id_user`,`modele`,`couleur`,`nombre_places`) VALUES (7,12,"Cadillac","orange",2),(8,93,"Audi","gris",6),(9,95,"Volvo","jaune",6);
INSERT INTO `voiture` (`id_voiture`,`id_user`,`modele`,`couleur`,`nombre_places`) VALUES (10,115,"Smart","noir",3),(11,48,"Nissan","rouge",5),(12,97,"BMW","noir",3);
INSERT INTO `voiture` (`id_voiture`,`id_user`,`modele`,`couleur`,`nombre_places`) VALUES (13,116,"Dongfeng Motor","cyan",1),(14,140,"Volvo","gris",4),(15,23,"Daihatsu","jaune",2);
INSERT INTO `voiture` (`id_voiture`,`id_user`,`modele`,`couleur`,`nombre_places`) VALUES (16,82,"Daihatsu","rouge",2),(17,120,"Dodge","cyan",6),(18,3,"RAM Trucks","jaune",5);
INSERT INTO `voiture` (`id_voiture`,`id_user`,`modele`,`couleur`,`nombre_places`) VALUES (19,28,"Skoda","cyan",2),(20,171,"Tata Motors","rouge",1),(21,27,"Mazda","orange",3);
INSERT INTO `voiture` (`id_voiture`,`id_user`,`modele`,`couleur`,`nombre_places`) VALUES (22,192,"Fiat","noir",5),(23,200,"Kia Motors","orange",3),(24,40,"Hyundai Motors","rouge",2);
INSERT INTO `voiture` (`id_voiture`,`id_user`,`modele`,`couleur`,`nombre_places`) VALUES (25,163,"Hyundai Motors","blanc",5),(26,27,"Volkswagen","jaune",3),(27,93,"Jeep","gris",3);
INSERT INTO `voiture` (`id_voiture`,`id_user`,`modele`,`couleur`,`nombre_places`) VALUES (28,18,"GMC","gris",6),(29,184,"Fiat","noir",3),(30,149,"Maruti Suzuki","noir",2);
INSERT INTO `voiture` (`id_voiture`,`id_user`,`modele`,`couleur`,`nombre_places`) VALUES (31,121,"Isuzu","rouge",3),(32,102,"Subaru","cyan",3),(33,173,"Acura","rouge",6);
INSERT INTO `voiture` (`id_voiture`,`id_user`,`modele`,`couleur`,`nombre_places`) VALUES (34,99,"BMW","jaune",2),(35,102,"Daihatsu","gris",1),(36,55,"Lincoln","blanc",1);
INSERT INTO `voiture` (`id_voiture`,`id_user`,`modele`,`couleur`,`nombre_places`) VALUES (37,125,"Honda","vert",1),(38,58,"Dacia","bleu",1),(39,136,"Kenworth","cyan",2);
INSERT INTO `voiture` (`id_voiture`,`id_user`,`modele`,`couleur`,`nombre_places`) VALUES (40,160,"Cadillac","jaune",5),(41,37,"Jeep","jaune",6),(42,10,"Dacia","blanc",6);
INSERT INTO `voiture` (`id_voiture`,`id_user`,`modele`,`couleur`,`nombre_places`) VALUES (43,106,"Buick","gris",4),(44,196,"Skoda","orange",6),(45,3,"Chrysler","bleu",5);
INSERT INTO `voiture` (`id_voiture`,`id_user`,`modele`,`couleur`,`nombre_places`) VALUES (46,150,"Buick","vert",1),(47,78,"Hyundai Motors","rouge",1),(48,159,"Infiniti","vert",3);
INSERT INTO `voiture` (`id_voiture`,`id_user`,`modele`,`couleur`,`nombre_places`) VALUES (49,175,"Daihatsu","rouge",4),(50,146,"Lincoln","vert",6),(51,82,"Mitsubishi Motors","noir",6);
INSERT INTO `voiture` (`id_voiture`,`id_user`,`modele`,`couleur`,`nombre_places`) VALUES (52,186,"Mazda","rouge",3),(53,118,"Dodge","orange",6),(54,151,"Tata Motors","cyan",4);
INSERT INTO `voiture` (`id_voiture`,`id_user`,`modele`,`couleur`,`nombre_places`) VALUES (55,74,"Chevrolet","cyan",3),(56,85,"General Motors","orange",1),(57,67,"MINI","vert",6);
INSERT INTO `voiture` (`id_voiture`,`id_user`,`modele`,`couleur`,`nombre_places`) VALUES (58,8,"Cadillac","jaune",6),(59,88,"Honda","rouge",3),(60,193,"Porsche","blanc",2);
INSERT INTO `voiture` (`id_voiture`,`id_user`,`modele`,`couleur`,`nombre_places`) VALUES (61,81,"Lincoln","gris",3),(62,193,"Peugeot","rouge",3),(63,18,"Ferrari","cyan",1);
INSERT INTO `voiture` (`id_voiture`,`id_user`,`modele`,`couleur`,`nombre_places`) VALUES (64,1,"Daihatsu","blanc",6),(65,59,"Dongfeng Motor","vert",3),(66,78,"Seat","gris",2);
INSERT INTO `voiture` (`id_voiture`,`id_user`,`modele`,`couleur`,`nombre_places`) VALUES (67,63,"Mitsubishi Motors","cyan",5),(68,81,"Buick","cyan",2),(69,116,"Chrysler","noir",5);
INSERT INTO `voiture` (`id_voiture`,`id_user`,`modele`,`couleur`,`nombre_places`) VALUES (70,126,"Lexus","jaune",2),(71,145,"FAW","orange",3),(72,113,"Daimler","noir",6);
INSERT INTO `voiture` (`id_voiture`,`id_user`,`modele`,`couleur`,`nombre_places`) VALUES (73,10,"Mercedes-Benz","cyan",4),(74,134,"Isuzu","orange",4),(75,72,"Kia Motors","blanc",1);
INSERT INTO `voiture` (`id_voiture`,`id_user`,`modele`,`couleur`,`nombre_places`) VALUES (76,36,"Seat","cyan",4),(77,48,"Mercedes-Benz","cyan",4),(78,84,"Ford","noir",2);
INSERT INTO `voiture` (`id_voiture`,`id_user`,`modele`,`couleur`,`nombre_places`) VALUES (79,149,"Chrysler","jaune",1),(80,168,"Chevrolet","cyan",5),(81,34,"Porsche","jaune",1);
INSERT INTO `voiture` (`id_voiture`,`id_user`,`modele`,`couleur`,`nombre_places`) VALUES (82,192,"Chrysler","rouge",1),(83,113,"BMW","noir",4),(84,177,"Lincoln","jaune",4);
INSERT INTO `voiture` (`id_voiture`,`id_user`,`modele`,`couleur`,`nombre_places`) VALUES (85,12,"Fiat","bleu",5),(86,34,"Dongfeng Motor","bleu",5),(87,194,"Daihatsu","rouge",6);
INSERT INTO `voiture` (`id_voiture`,`id_user`,`modele`,`couleur`,`nombre_places`) VALUES (88,101,"Daihatsu","cyan",3),(89,187,"Tata Motors","blanc",3),(90,56,"Cadillac","noir",5);
INSERT INTO `voiture` (`id_voiture`,`id_user`,`modele`,`couleur`,`nombre_places`) VALUES (91,68,"Audi","blanc",5),(92,9,"Audi","vert",4),(93,125,"Acura","orange",2);
INSERT INTO `voiture` (`id_voiture`,`id_user`,`modele`,`couleur`,`nombre_places`) VALUES (94,151,"Honda","gris",2),(95,88,"Infiniti","bleu",4),(96,29,"Acura","bleu",5);
INSERT INTO `voiture` (`id_voiture`,`id_user`,`modele`,`couleur`,`nombre_places`) VALUES (97,52,"Citroën","blanc",6),(98,161,"Daihatsu","orange",1),(99,114,"Daihatsu","rouge",1);
INSERT INTO `voiture` (`id_voiture`,`id_user`,`modele`,`couleur`,`nombre_places`) VALUES (100,111,"Audi","jaune",5);
INSERT INTO `voiture` (`id_voiture`,`id_user`,`modele`,`couleur`,`nombre_places`) VALUES (101,41,"Lexus","bleu",3),(102,3,"Ferrari","blanc",7),(103,177,"Dongfeng Motor","blanc",4),(104,12,"GMC","noir",6),(105,49,"Nissan","jaune",3),(106,26,"Seat","orange",1),(107,137,"Acura","jaune",6),(108,27,"Tata Motors","rouge",6),(109,94,"MINI","blanc",4),(110,105,"Mitsubishi Motors","gris",5);
INSERT INTO `voiture` (`id_voiture`,`id_user`,`modele`,`couleur`,`nombre_places`) VALUES (111,12,"JLR","gris",1),(112,185,"General Motors","rouge",1),(113,125,"Maruti Suzuki","jaune",4),(114,23,"Skoda","gris",1),(115,101,"Daihatsu","orange",1),(116,129,"Tata Motors","gris",4),(117,81,"Toyota","vert",4),(118,91,"Chrysler","bleu",7),(119,50,"Mazda","gris",2),(120,199,"MINI","bleu",4);
INSERT INTO `voiture` (`id_voiture`,`id_user`,`modele`,`couleur`,`nombre_places`) VALUES (121,43,"Toyota","gris",4),(122,38,"Ferrari","rouge",5),(123,15,"Audi","vert",7),(124,106,"Subaru","bleu",7),(125,5,"Chrysler","gris",7),(126,83,"Isuzu","rouge",3),(127,79,"Isuzu","orange",4),(128,164,"Porsche","vert",6),(129,54,"Ferrari","rouge",3),(130,181,"Daihatsu","jaune",7);
INSERT INTO `voiture` (`id_voiture`,`id_user`,`modele`,`couleur`,`nombre_places`) VALUES (131,72,"Mitsubishi Motors","blanc",3),(132,161,"Buick","blanc",2),(133,146,"JLR","gris",5),(134,117,"Seat","orange",2),(135,77,"Mercedes-Benz","rouge",7),(136,149,"Dacia","blanc",1),(137,69,"Toyota","bleu",6),(138,136,"Ford","blanc",3),(139,59,"Smart","jaune",3),(140,54,"Lexus","orange",4);
INSERT INTO `voiture` (`id_voiture`,`id_user`,`modele`,`couleur`,`nombre_places`) VALUES (141,188,"GMC","jaune",1),(142,55,"Kenworth","gris",3),(143,67,"GMC","noir",2),(144,103,"Lincoln","blanc",4),(145,117,"Ford","noir",7),(146,181,"Toyota","vert",6),(147,178,"Dongfeng Motor","vert",7),(148,61,"General Motors","blanc",5),(149,24,"Dacia","rouge",6),(150,127,"Dacia","jaune",5);
INSERT INTO `voiture` (`id_voiture`,`id_user`,`modele`,`couleur`,`nombre_places`) VALUES (151,82,"Maruti Suzuki","gris",2),(152,105,"Volvo","noir",3),(153,53,"RAM Trucks","orange",4),(154,49,"Renault","rouge",1),(155,45,"Dongfeng Motor","jaune",6),(156,164,"Isuzu","orange",2),(157,15,"Renault","vert",1),(158,75,"Mitsubishi Motors","gris",1),(159,91,"Dodge","blanc",1),(160,47,"Honda","gris",3);
INSERT INTO `voiture` (`id_voiture`,`id_user`,`modele`,`couleur`,`nombre_places`) VALUES (161,26,"Mazda","vert",4),(162,186,"Infiniti","bleu",3),(163,124,"BMW","rouge",3),(164,143,"Acura","gris",7),(165,141,"Subaru","jaune",6),(166,33,"FAW","vert",3),(167,65,"Nissan","gris",2),(168,179,"Chevrolet","noir",7),(169,199,"Seat","bleu",1),(170,13,"Chevrolet","bleu",7);
INSERT INTO `voiture` (`id_voiture`,`id_user`,`modele`,`couleur`,`nombre_places`) VALUES (171,173,"Nissan","blanc",5),(172,45,"Toyota","bleu",5),(173,189,"Lincoln","jaune",4),(174,152,"Daihatsu","blanc",7),(175,24,"Nissan","bleu",7),(176,174,"Dongfeng Motor","blanc",3),(177,44,"Nissan","blanc",5),(178,189,"MINI","bleu",7),(179,29,"Dacia","orange",3),(180,26,"Tata Motors","blanc",7);
INSERT INTO `voiture` (`id_voiture`,`id_user`,`modele`,`couleur`,`nombre_places`) VALUES (181,142,"Renault","bleu",3),(182,165,"Ford","blanc",1),(183,79,"Lincoln","vert",5),(184,168,"Renault","vert",5),(185,144,"Chevrolet","jaune",7),(186,33,"Chevrolet","noir",5),(187,105,"General Motors","blanc",2),(188,114,"Porsche","rouge",2),(189,16,"Audi","gris",7),(190,175,"Dongfeng Motor","blanc",2);
INSERT INTO `voiture` (`id_voiture`,`id_user`,`modele`,`couleur`,`nombre_places`) VALUES (191,49,"Kenworth","vert",4),(192,3,"Jeep","orange",7),(193,121,"Hyundai Motors","rouge",5),(194,45,"Toyota","bleu",2),(195,125,"Subaru","jaune",2),(196,144,"Kenworth","orange",1),(197,150,"Lincoln","bleu",5),(198,78,"Lexus","noir",7),(199,117,"Mercedes-Benz","orange",2),(200,200,"Isuzu","bleu",1);


INSERT INTO `trajet` (`id_trajet`,`id_user`,`id_voiture`,`lieu_depart`,`lieu_arrivee`,`heure_depart`,`heure_arrivee`,`nombre_places`) VALUES (1,150,169,"Placilla","Tucapel","2018-07-11 16:35:20","2018-04-08 12:53:26",7);
INSERT INTO `trajet` (`id_trajet`,`id_user`,`id_voiture`,`lieu_depart`,`lieu_arrivee`,`heure_depart`,`heure_arrivee`,`nombre_places`) VALUES (2,86,110,"Leerbeek","Albagiara","2018-04-28 20:05:45","2018-04-14 12:02:33",6);
INSERT INTO `trajet` (`id_trajet`,`id_user`,`id_voiture`,`lieu_depart`,`lieu_arrivee`,`heure_depart`,`heure_arrivee`,`nombre_places`) VALUES (3,63,145,"Cáceres","Newmarket","2018-05-19 23:16:09","2018-04-07 17:27:03",8);
INSERT INTO `trajet` (`id_trajet`,`id_user`,`id_voiture`,`lieu_depart`,`lieu_arrivee`,`heure_depart`,`heure_arrivee`,`nombre_places`) VALUES (4,165,58,"Trinità d'Agultu e Vignola","Pudukkottai","2018-05-05 02:48:44","2018-04-13 22:10:23",7);
INSERT INTO `trajet` (`id_trajet`,`id_user`,`id_voiture`,`lieu_depart`,`lieu_arrivee`,`heure_depart`,`heure_arrivee`,`nombre_places`) VALUES (5,173,104,"Lasne","Iseyin","2018-05-27 13:23:04","2018-04-14 23:49:04",7);
INSERT INTO `trajet` (`id_trajet`,`id_user`,`id_voiture`,`lieu_depart`,`lieu_arrivee`,`heure_depart`,`heure_arrivee`,`nombre_places`) VALUES (6,107,70,"Sankt Ingbert","Sint-Pauwels","2018-05-08 06:23:11","2018-04-04 15:27:50",1);
INSERT INTO `trajet` (`id_trajet`,`id_user`,`id_voiture`,`lieu_depart`,`lieu_arrivee`,`heure_depart`,`heure_arrivee`,`nombre_places`) VALUES (7,157,188,"Kortessem","La Estrella","2018-05-28 13:22:00","2018-04-19 17:20:19",6);
INSERT INTO `trajet` (`id_trajet`,`id_user`,`id_voiture`,`lieu_depart`,`lieu_arrivee`,`heure_depart`,`heure_arrivee`,`nombre_places`) VALUES (8,25,126,"Swan Hills","Mattersburg","2018-07-01 07:15:50","2018-04-06 23:08:34",6);
INSERT INTO `trajet` (`id_trajet`,`id_user`,`id_voiture`,`lieu_depart`,`lieu_arrivee`,`heure_depart`,`heure_arrivee`,`nombre_places`) VALUES (9,140,132,"Mathura","Crystal Springs","2018-06-06 19:59:32","2018-04-10 22:16:57",4);
INSERT INTO `trajet` (`id_trajet`,`id_user`,`id_voiture`,`lieu_depart`,`lieu_arrivee`,`heure_depart`,`heure_arrivee`,`nombre_places`) VALUES (10,52,138,"Penticton","Alwar","2018-04-21 04:40:07","2018-04-16 01:52:59",7);
INSERT INTO `trajet` (`id_trajet`,`id_user`,`id_voiture`,`lieu_depart`,`lieu_arrivee`,`heure_depart`,`heure_arrivee`,`nombre_places`) VALUES (11,7,125,"Uberaba","Sautin","2018-05-29 17:21:41","2018-04-08 08:47:16",1);
INSERT INTO `trajet` (`id_trajet`,`id_user`,`id_voiture`,`lieu_depart`,`lieu_arrivee`,`heure_depart`,`heure_arrivee`,`nombre_places`) VALUES (12,120,183,"Gouda","Chiusa/Klausen","2018-05-28 07:57:34","2018-04-07 11:18:44",3);
INSERT INTO `trajet` (`id_trajet`,`id_user`,`id_voiture`,`lieu_depart`,`lieu_arrivee`,`heure_depart`,`heure_arrivee`,`nombre_places`) VALUES (13,93,120,"Osorno","Böblingen","2018-06-03 20:07:07","2018-04-09 02:02:03",4);
INSERT INTO `trajet` (`id_trajet`,`id_user`,`id_voiture`,`lieu_depart`,`lieu_arrivee`,`heure_depart`,`heure_arrivee`,`nombre_places`) VALUES (14,190,187,"Albany","Oswestry","2018-04-30 21:54:49","2018-04-13 22:28:06",1);
INSERT INTO `trajet` (`id_trajet`,`id_user`,`id_voiture`,`lieu_depart`,`lieu_arrivee`,`heure_depart`,`heure_arrivee`,`nombre_places`) VALUES (15,40,115,"Glendale","Arica","2018-05-15 09:09:38","2018-04-19 10:41:02",3);
INSERT INTO `trajet` (`id_trajet`,`id_user`,`id_voiture`,`lieu_depart`,`lieu_arrivee`,`heure_depart`,`heure_arrivee`,`nombre_places`) VALUES (16,1,101,"Wernigerode","Gouy-lez-PiŽton","2018-05-27 10:20:05","2018-04-05 10:46:15",6);
INSERT INTO `trajet` (`id_trajet`,`id_user`,`id_voiture`,`lieu_depart`,`lieu_arrivee`,`heure_depart`,`heure_arrivee`,`nombre_places`) VALUES (17,4,183,"Kruibeke","Landau","2018-05-04 12:45:19","2018-04-10 14:38:23",6);
INSERT INTO `trajet` (`id_trajet`,`id_user`,`id_voiture`,`lieu_depart`,`lieu_arrivee`,`heure_depart`,`heure_arrivee`,`nombre_places`) VALUES (18,122,81,"Fulda","Airdrie","2018-04-27 03:40:33","2018-04-07 00:54:19",6);
INSERT INTO `trajet` (`id_trajet`,`id_user`,`id_voiture`,`lieu_depart`,`lieu_arrivee`,`heure_depart`,`heure_arrivee`,`nombre_places`) VALUES (19,173,95,"Stene","Emines","2018-05-01 08:44:10","2018-04-13 07:50:04",5);
INSERT INTO `trajet` (`id_trajet`,`id_user`,`id_voiture`,`lieu_depart`,`lieu_arrivee`,`heure_depart`,`heure_arrivee`,`nombre_places`) VALUES (20,126,1,"Emarèse","Cache Creek","2018-05-29 18:18:58","2018-04-15 01:55:24",2);
INSERT INTO `trajet` (`id_trajet`,`id_user`,`id_voiture`,`lieu_depart`,`lieu_arrivee`,`heure_depart`,`heure_arrivee`,`nombre_places`) VALUES (21,33,121,"Mascalucia","Gosselies","2018-07-18 07:25:30","2018-04-08 05:30:20",8);
INSERT INTO `trajet` (`id_trajet`,`id_user`,`id_voiture`,`lieu_depart`,`lieu_arrivee`,`heure_depart`,`heure_arrivee`,`nombre_places`) VALUES (22,136,23,"Glendon","Purmerend","2018-05-17 04:03:27","2018-04-05 16:09:17",5);
INSERT INTO `trajet` (`id_trajet`,`id_user`,`id_voiture`,`lieu_depart`,`lieu_arrivee`,`heure_depart`,`heure_arrivee`,`nombre_places`) VALUES (23,152,26,"Ujjain","Bergisch Gladbach","2018-06-07 05:13:07","2018-04-13 09:08:04",2);
INSERT INTO `trajet` (`id_trajet`,`id_user`,`id_voiture`,`lieu_depart`,`lieu_arrivee`,`heure_depart`,`heure_arrivee`,`nombre_places`) VALUES (24,180,77,"Keiem","Wick","2018-06-12 02:55:15","2018-04-06 00:39:28",3);
INSERT INTO `trajet` (`id_trajet`,`id_user`,`id_voiture`,`lieu_depart`,`lieu_arrivee`,`heure_depart`,`heure_arrivee`,`nombre_places`) VALUES (25,56,93,"Accadia","Pellezzano","2018-06-24 03:42:25","2018-04-14 05:55:33",5);
INSERT INTO `trajet` (`id_trajet`,`id_user`,`id_voiture`,`lieu_depart`,`lieu_arrivee`,`heure_depart`,`heure_arrivee`,`nombre_places`) VALUES (26,29,93,"Gargazzone/Gargazon","Łomża","2018-06-21 14:57:54","2018-04-16 15:58:58",8);
INSERT INTO `trajet` (`id_trajet`,`id_user`,`id_voiture`,`lieu_depart`,`lieu_arrivee`,`heure_depart`,`heure_arrivee`,`nombre_places`) VALUES (27,62,179,"Limburg a.d. Lahn","Sarreguemines","2018-07-16 13:40:20","2018-04-09 03:25:22",2);
INSERT INTO `trajet` (`id_trajet`,`id_user`,`id_voiture`,`lieu_depart`,`lieu_arrivee`,`heure_depart`,`heure_arrivee`,`nombre_places`) VALUES (28,13,151,"Riparbella","Jolanda di Savoia","2018-05-27 08:30:45","2018-04-09 03:39:36",8);
INSERT INTO `trajet` (`id_trajet`,`id_user`,`id_voiture`,`lieu_depart`,`lieu_arrivee`,`heure_depart`,`heure_arrivee`,`nombre_places`) VALUES (29,108,132,"Outremont","Joondalup","2018-06-07 12:49:01","2018-04-05 06:53:25",7);
INSERT INTO `trajet` (`id_trajet`,`id_user`,`id_voiture`,`lieu_depart`,`lieu_arrivee`,`heure_depart`,`heure_arrivee`,`nombre_places`) VALUES (30,131,65,"Daman","Beaumont","2018-06-01 21:17:56","2018-04-08 00:54:26",8);
INSERT INTO `trajet` (`id_trajet`,`id_user`,`id_voiture`,`lieu_depart`,`lieu_arrivee`,`heure_depart`,`heure_arrivee`,`nombre_places`) VALUES (31,26,41,"Viggiano","Snaaskerke","2018-07-07 19:55:33","2018-04-16 08:22:45",7);
INSERT INTO `trajet` (`id_trajet`,`id_user`,`id_voiture`,`lieu_depart`,`lieu_arrivee`,`heure_depart`,`heure_arrivee`,`nombre_places`) VALUES (32,190,71,"San Cristóbal de la Laguna","Campolieto","2018-06-02 01:50:40","2018-04-16 11:54:26",3);
INSERT INTO `trajet` (`id_trajet`,`id_user`,`id_voiture`,`lieu_depart`,`lieu_arrivee`,`heure_depart`,`heure_arrivee`,`nombre_places`) VALUES (33,45,76,"Diadema","Castelbianco","2018-04-29 05:58:59","2018-04-05 21:50:45",7);
INSERT INTO `trajet` (`id_trajet`,`id_user`,`id_voiture`,`lieu_depart`,`lieu_arrivee`,`heure_depart`,`heure_arrivee`,`nombre_places`) VALUES (34,124,122,"Klemskerke","Austin","2018-06-25 02:42:23","2018-04-09 16:54:06",7);
INSERT INTO `trajet` (`id_trajet`,`id_user`,`id_voiture`,`lieu_depart`,`lieu_arrivee`,`heure_depart`,`heure_arrivee`,`nombre_places`) VALUES (35,177,103,"Buken","Acoz","2018-05-19 19:09:21","2018-04-05 08:07:39",5);
INSERT INTO `trajet` (`id_trajet`,`id_user`,`id_voiture`,`lieu_depart`,`lieu_arrivee`,`heure_depart`,`heure_arrivee`,`nombre_places`) VALUES (36,4,10,"Dessel","Perth","2018-06-23 03:44:52","2018-04-19 16:08:02",5);
INSERT INTO `trajet` (`id_trajet`,`id_user`,`id_voiture`,`lieu_depart`,`lieu_arrivee`,`heure_depart`,`heure_arrivee`,`nombre_places`) VALUES (37,2,69,"Dörtyol","Pointe-Claire","2018-07-10 18:28:06","2018-04-19 13:04:40",3);
INSERT INTO `trajet` (`id_trajet`,`id_user`,`id_voiture`,`lieu_depart`,`lieu_arrivee`,`heure_depart`,`heure_arrivee`,`nombre_places`) VALUES (38,54,19,"Hamilton","Cleveland","2018-07-11 14:14:26","2018-04-06 09:40:10",3);
INSERT INTO `trajet` (`id_trajet`,`id_user`,`id_voiture`,`lieu_depart`,`lieu_arrivee`,`heure_depart`,`heure_arrivee`,`nombre_places`) VALUES (39,182,38,"Mal","Colchester","2018-07-18 09:55:03","2018-04-16 02:48:00",3);
INSERT INTO `trajet` (`id_trajet`,`id_user`,`id_voiture`,`lieu_depart`,`lieu_arrivee`,`heure_depart`,`heure_arrivee`,`nombre_places`) VALUES (40,22,120,"Rewa","Namur","2018-05-22 18:26:17","2018-04-08 20:49:35",4);
INSERT INTO `trajet` (`id_trajet`,`id_user`,`id_voiture`,`lieu_depart`,`lieu_arrivee`,`heure_depart`,`heure_arrivee`,`nombre_places`) VALUES (41,129,198,"Cervino","Wellingborough","2018-07-13 11:27:05","2018-04-14 15:08:27",8);
INSERT INTO `trajet` (`id_trajet`,`id_user`,`id_voiture`,`lieu_depart`,`lieu_arrivee`,`heure_depart`,`heure_arrivee`,`nombre_places`) VALUES (42,141,124,"Halanzy","Cassaro","2018-07-19 21:50:44","2018-04-05 09:01:15",8);
INSERT INTO `trajet` (`id_trajet`,`id_user`,`id_voiture`,`lieu_depart`,`lieu_arrivee`,`heure_depart`,`heure_arrivee`,`nombre_places`) VALUES (43,86,110,"Stratford","Bundaberg","2018-04-20 08:45:04","2018-04-18 15:57:47",8);
INSERT INTO `trajet` (`id_trajet`,`id_user`,`id_voiture`,`lieu_depart`,`lieu_arrivee`,`heure_depart`,`heure_arrivee`,`nombre_places`) VALUES (44,168,119,"Etterbeek","WanfercŽe-Baulet","2018-07-15 20:16:23","2018-04-13 23:06:45",1);
INSERT INTO `trajet` (`id_trajet`,`id_user`,`id_voiture`,`lieu_depart`,`lieu_arrivee`,`heure_depart`,`heure_arrivee`,`nombre_places`) VALUES (45,26,40,"Bossire","Oviedo","2018-05-04 16:01:09","2018-04-08 02:05:59",7);
INSERT INTO `trajet` (`id_trajet`,`id_user`,`id_voiture`,`lieu_depart`,`lieu_arrivee`,`heure_depart`,`heure_arrivee`,`nombre_places`) VALUES (46,43,162,"Ciplet","Harlow","2018-06-01 21:15:25","2018-04-16 17:35:26",3);
INSERT INTO `trajet` (`id_trajet`,`id_user`,`id_voiture`,`lieu_depart`,`lieu_arrivee`,`heure_depart`,`heure_arrivee`,`nombre_places`) VALUES (47,111,177,"Valfabbrica","Lakeland County","2018-05-20 10:16:01","2018-04-06 00:15:13",7);
INSERT INTO `trajet` (`id_trajet`,`id_user`,`id_voiture`,`lieu_depart`,`lieu_arrivee`,`heure_depart`,`heure_arrivee`,`nombre_places`) VALUES (48,163,146,"Roma","Mobile","2018-07-06 08:05:21","2018-04-04 15:44:06",4);
INSERT INTO `trajet` (`id_trajet`,`id_user`,`id_voiture`,`lieu_depart`,`lieu_arrivee`,`heure_depart`,`heure_arrivee`,`nombre_places`) VALUES (49,120,2,"Howrah","Waiuku","2018-06-04 11:10:17","2018-04-08 05:26:33",6);
INSERT INTO `trajet` (`id_trajet`,`id_user`,`id_voiture`,`lieu_depart`,`lieu_arrivee`,`heure_depart`,`heure_arrivee`,`nombre_places`) VALUES (50,144,96,"Boston","Creil","2018-05-30 20:19:51","2018-04-16 06:22:51",2);
INSERT INTO `trajet` (`id_trajet`,`id_user`,`id_voiture`,`lieu_depart`,`lieu_arrivee`,`heure_depart`,`heure_arrivee`,`nombre_places`) VALUES (51,136,192,"Thionville","Emines","2018-06-19 08:35:46","2018-04-19 10:53:59",3);
INSERT INTO `trajet` (`id_trajet`,`id_user`,`id_voiture`,`lieu_depart`,`lieu_arrivee`,`heure_depart`,`heure_arrivee`,`nombre_places`) VALUES (52,4,88,"Allentown","Alençon","2018-04-20 18:14:54","2018-04-15 05:14:12",5);
INSERT INTO `trajet` (`id_trajet`,`id_user`,`id_voiture`,`lieu_depart`,`lieu_arrivee`,`heure_depart`,`heure_arrivee`,`nombre_places`) VALUES (53,96,164,"Vico nel Lazio","Gaya","2018-06-17 16:16:37","2018-04-05 04:12:23",5);
INSERT INTO `trajet` (`id_trajet`,`id_user`,`id_voiture`,`lieu_depart`,`lieu_arrivee`,`heure_depart`,`heure_arrivee`,`nombre_places`) VALUES (54,139,23,"Tontelange","Tiel","2018-06-10 13:02:35","2018-04-09 10:12:36",8);
INSERT INTO `trajet` (`id_trajet`,`id_user`,`id_voiture`,`lieu_depart`,`lieu_arrivee`,`heure_depart`,`heure_arrivee`,`nombre_places`) VALUES (55,21,109,"East Linton","Maria","2018-05-26 07:41:09","2018-04-05 02:05:39",3);
INSERT INTO `trajet` (`id_trajet`,`id_user`,`id_voiture`,`lieu_depart`,`lieu_arrivee`,`heure_depart`,`heure_arrivee`,`nombre_places`) VALUES (56,9,193,"Fairbanks","Alto Biobío","2018-07-07 23:53:22","2018-04-16 09:08:40",7);
INSERT INTO `trajet` (`id_trajet`,`id_user`,`id_voiture`,`lieu_depart`,`lieu_arrivee`,`heure_depart`,`heure_arrivee`,`nombre_places`) VALUES (57,11,196,"Scalloway","Avellino","2018-05-07 00:28:48","2018-04-17 12:28:33",6);
INSERT INTO `trajet` (`id_trajet`,`id_user`,`id_voiture`,`lieu_depart`,`lieu_arrivee`,`heure_depart`,`heure_arrivee`,`nombre_places`) VALUES (58,49,1,"Massarosa","Coleville Lake","2018-04-27 02:22:44","2018-04-11 18:16:12",4);
INSERT INTO `trajet` (`id_trajet`,`id_user`,`id_voiture`,`lieu_depart`,`lieu_arrivee`,`heure_depart`,`heure_arrivee`,`nombre_places`) VALUES (59,3,86,"Werder","Görlitz","2018-05-11 20:26:33","2018-04-12 16:59:08",8);
INSERT INTO `trajet` (`id_trajet`,`id_user`,`id_voiture`,`lieu_depart`,`lieu_arrivee`,`heure_depart`,`heure_arrivee`,`nombre_places`) VALUES (60,15,35,"Grand Rapids","Ravels","2018-05-09 22:48:48","2018-04-14 16:18:37",6);
INSERT INTO `trajet` (`id_trajet`,`id_user`,`id_voiture`,`lieu_depart`,`lieu_arrivee`,`heure_depart`,`heure_arrivee`,`nombre_places`) VALUES (61,25,126,"San Francisco","Dornbirn","2018-07-16 14:14:39","2018-04-04 07:42:26",8);
INSERT INTO `trajet` (`id_trajet`,`id_user`,`id_voiture`,`lieu_depart`,`lieu_arrivee`,`heure_depart`,`heure_arrivee`,`nombre_places`) VALUES (62,137,54,"Cinisi","Aquila d'Arroscia","2018-07-02 06:58:01","2018-04-16 01:16:01",5);
INSERT INTO `trajet` (`id_trajet`,`id_user`,`id_voiture`,`lieu_depart`,`lieu_arrivee`,`heure_depart`,`heure_arrivee`,`nombre_places`) VALUES (63,120,194,"Auburn","Chieti","2018-04-20 00:06:19","2018-04-07 10:23:45",4);
INSERT INTO `trajet` (`id_trajet`,`id_user`,`id_voiture`,`lieu_depart`,`lieu_arrivee`,`heure_depart`,`heure_arrivee`,`nombre_places`) VALUES (64,61,19,"Zwettl-Niederösterreich","LaSalle","2018-05-13 12:35:32","2018-04-10 00:57:11",8);
INSERT INTO `trajet` (`id_trajet`,`id_user`,`id_voiture`,`lieu_depart`,`lieu_arrivee`,`heure_depart`,`heure_arrivee`,`nombre_places`) VALUES (65,183,40,"Zwijndrecht","Boston","2018-05-31 20:27:48","2018-04-05 05:46:50",8);
INSERT INTO `trajet` (`id_trajet`,`id_user`,`id_voiture`,`lieu_depart`,`lieu_arrivee`,`heure_depart`,`heure_arrivee`,`nombre_places`) VALUES (66,146,123,"Hindeloopen","Opprebais","2018-05-31 21:57:47","2018-04-04 19:53:08",5);
INSERT INTO `trajet` (`id_trajet`,`id_user`,`id_voiture`,`lieu_depart`,`lieu_arrivee`,`heure_depart`,`heure_arrivee`,`nombre_places`) VALUES (67,155,123,"Barra do Corda","Bridlington","2018-04-28 00:01:11","2018-04-19 02:09:52",1);
INSERT INTO `trajet` (`id_trajet`,`id_user`,`id_voiture`,`lieu_depart`,`lieu_arrivee`,`heure_depart`,`heure_arrivee`,`nombre_places`) VALUES (68,107,145,"Curarrehue","Qualicum Beach","2018-07-04 23:45:06","2018-04-04 12:54:46",7);
INSERT INTO `trajet` (`id_trajet`,`id_user`,`id_voiture`,`lieu_depart`,`lieu_arrivee`,`heure_depart`,`heure_arrivee`,`nombre_places`) VALUES (69,68,96,"Palagano","Lakewood","2018-07-13 07:13:20","2018-04-17 23:46:46",1);
INSERT INTO `trajet` (`id_trajet`,`id_user`,`id_voiture`,`lieu_depart`,`lieu_arrivee`,`heure_depart`,`heure_arrivee`,`nombre_places`) VALUES (70,59,11,"Quedlinburg","Mogi das Cruzes","2018-05-18 16:03:30","2018-04-05 11:55:21",2);
INSERT INTO `trajet` (`id_trajet`,`id_user`,`id_voiture`,`lieu_depart`,`lieu_arrivee`,`heure_depart`,`heure_arrivee`,`nombre_places`) VALUES (71,100,8,"Apeldoorn","San José de Maipo","2018-05-31 05:04:44","2018-04-11 08:08:40",2);
INSERT INTO `trajet` (`id_trajet`,`id_user`,`id_voiture`,`lieu_depart`,`lieu_arrivee`,`heure_depart`,`heure_arrivee`,`nombre_places`) VALUES (72,178,31,"Lens-Saint-Remy","Alajuela","2018-07-19 22:08:26","2018-04-10 02:02:28",8);
INSERT INTO `trajet` (`id_trajet`,`id_user`,`id_voiture`,`lieu_depart`,`lieu_arrivee`,`heure_depart`,`heure_arrivee`,`nombre_places`) VALUES (73,162,81,"Cleveland","Pazarcık","2018-04-25 17:22:17","2018-04-08 12:51:53",4);
INSERT INTO `trajet` (`id_trajet`,`id_user`,`id_voiture`,`lieu_depart`,`lieu_arrivee`,`heure_depart`,`heure_arrivee`,`nombre_places`) VALUES (74,104,27,"Berceto","Plauen","2018-05-25 10:43:15","2018-04-15 07:49:03",1);
INSERT INTO `trajet` (`id_trajet`,`id_user`,`id_voiture`,`lieu_depart`,`lieu_arrivee`,`heure_depart`,`heure_arrivee`,`nombre_places`) VALUES (75,68,158,"Eisleben","Nuneaton","2018-05-02 21:50:26","2018-04-15 17:22:34",7);
INSERT INTO `trajet` (`id_trajet`,`id_user`,`id_voiture`,`lieu_depart`,`lieu_arrivee`,`heure_depart`,`heure_arrivee`,`nombre_places`) VALUES (76,52,22,"Kitimat","Lombardsijde","2018-07-13 01:00:26","2018-04-06 22:30:12",1);
INSERT INTO `trajet` (`id_trajet`,`id_user`,`id_voiture`,`lieu_depart`,`lieu_arrivee`,`heure_depart`,`heure_arrivee`,`nombre_places`) VALUES (77,33,175,"Ávila","Alacant","2018-04-19 08:18:00","2018-04-15 10:15:08",7);
INSERT INTO `trajet` (`id_trajet`,`id_user`,`id_voiture`,`lieu_depart`,`lieu_arrivee`,`heure_depart`,`heure_arrivee`,`nombre_places`) VALUES (78,103,27,"Chicago","Morhet","2018-07-01 15:53:21","2018-04-04 01:28:34",6);
INSERT INTO `trajet` (`id_trajet`,`id_user`,`id_voiture`,`lieu_depart`,`lieu_arrivee`,`heure_depart`,`heure_arrivee`,`nombre_places`) VALUES (79,142,108,"León","Vandoeuvre-lès-Nancy","2018-04-24 10:33:35","2018-04-10 16:01:54",2);
INSERT INTO `trajet` (`id_trajet`,`id_user`,`id_voiture`,`lieu_depart`,`lieu_arrivee`,`heure_depart`,`heure_arrivee`,`nombre_places`) VALUES (80,97,35,"Hunstanton","Nadrin","2018-04-19 01:12:58","2018-04-14 02:18:27",5);
INSERT INTO `trajet` (`id_trajet`,`id_user`,`id_voiture`,`lieu_depart`,`lieu_arrivee`,`heure_depart`,`heure_arrivee`,`nombre_places`) VALUES (81,139,100,"Acireale","Vorst","2018-07-19 17:37:50","2018-04-04 16:32:18",5);
INSERT INTO `trajet` (`id_trajet`,`id_user`,`id_voiture`,`lieu_depart`,`lieu_arrivee`,`heure_depart`,`heure_arrivee`,`nombre_places`) VALUES (82,45,71,"Höchst","Fort Worth","2018-05-03 15:23:45","2018-04-08 07:42:04",4);
INSERT INTO `trajet` (`id_trajet`,`id_user`,`id_voiture`,`lieu_depart`,`lieu_arrivee`,`heure_depart`,`heure_arrivee`,`nombre_places`) VALUES (83,1,7,"Armidale","Fratta Todina","2018-05-24 12:47:41","2018-04-04 19:11:41",8);
INSERT INTO `trajet` (`id_trajet`,`id_user`,`id_voiture`,`lieu_depart`,`lieu_arrivee`,`heure_depart`,`heure_arrivee`,`nombre_places`) VALUES (84,88,168,"Sint-Amandsberg","Trollhättan","2018-06-07 08:46:57","2018-04-04 12:28:55",8);
INSERT INTO `trajet` (`id_trajet`,`id_user`,`id_voiture`,`lieu_depart`,`lieu_arrivee`,`heure_depart`,`heure_arrivee`,`nombre_places`) VALUES (85,64,150,"Tirrases","Hondelange","2018-06-20 07:06:47","2018-04-04 01:16:57",4);
INSERT INTO `trajet` (`id_trajet`,`id_user`,`id_voiture`,`lieu_depart`,`lieu_arrivee`,`heure_depart`,`heure_arrivee`,`nombre_places`) VALUES (86,142,63,"Koolkerke","Trois-Rivières","2018-07-09 12:24:17","2018-04-13 08:27:30",6);
INSERT INTO `trajet` (`id_trajet`,`id_user`,`id_voiture`,`lieu_depart`,`lieu_arrivee`,`heure_depart`,`heure_arrivee`,`nombre_places`) VALUES (87,12,27,"Laren","Thunder Bay","2018-06-06 06:49:43","2018-04-19 10:42:04",7);
INSERT INTO `trajet` (`id_trajet`,`id_user`,`id_voiture`,`lieu_depart`,`lieu_arrivee`,`heure_depart`,`heure_arrivee`,`nombre_places`) VALUES (88,179,161,"Deline","Cardiff","2018-04-25 12:05:14","2018-04-14 11:02:21",3);
INSERT INTO `trajet` (`id_trajet`,`id_user`,`id_voiture`,`lieu_depart`,`lieu_arrivee`,`heure_depart`,`heure_arrivee`,`nombre_places`) VALUES (89,37,124,"Dandenong","Knokke","2018-07-03 21:13:09","2018-04-17 17:58:10",8);
INSERT INTO `trajet` (`id_trajet`,`id_user`,`id_voiture`,`lieu_depart`,`lieu_arrivee`,`heure_depart`,`heure_arrivee`,`nombre_places`) VALUES (90,133,143,"Alva","Deurne","2018-07-11 09:59:31","2018-04-10 15:03:36",3);
INSERT INTO `trajet` (`id_trajet`,`id_user`,`id_voiture`,`lieu_depart`,`lieu_arrivee`,`heure_depart`,`heure_arrivee`,`nombre_places`) VALUES (91,41,98,"Mount Pearl","Pellizzano","2018-05-22 16:57:16","2018-04-04 01:49:35",6);
INSERT INTO `trajet` (`id_trajet`,`id_user`,`id_voiture`,`lieu_depart`,`lieu_arrivee`,`heure_depart`,`heure_arrivee`,`nombre_places`) VALUES (92,77,165,"Noville","Vertou","2018-07-07 18:28:05","2018-04-06 06:51:50",4);
INSERT INTO `trajet` (`id_trajet`,`id_user`,`id_voiture`,`lieu_depart`,`lieu_arrivee`,`heure_depart`,`heure_arrivee`,`nombre_places`) VALUES (93,90,1,"Guardia Perticara","Großpetersdorf","2018-05-27 03:19:13","2018-04-14 05:13:05",5);
INSERT INTO `trajet` (`id_trajet`,`id_user`,`id_voiture`,`lieu_depart`,`lieu_arrivee`,`heure_depart`,`heure_arrivee`,`nombre_places`) VALUES (94,46,143,"Moffat","Vico nel Lazio","2018-06-06 11:14:58","2018-04-15 21:23:32",3);
INSERT INTO `trajet` (`id_trajet`,`id_user`,`id_voiture`,`lieu_depart`,`lieu_arrivee`,`heure_depart`,`heure_arrivee`,`nombre_places`) VALUES (95,127,151,"Sirsa","Lleida","2018-07-02 00:24:50","2018-04-19 15:47:50",7);
INSERT INTO `trajet` (`id_trajet`,`id_user`,`id_voiture`,`lieu_depart`,`lieu_arrivee`,`heure_depart`,`heure_arrivee`,`nombre_places`) VALUES (96,200,68,"Wollongong","LamontzŽe","2018-05-09 05:39:31","2018-04-04 15:48:17",8);
INSERT INTO `trajet` (`id_trajet`,`id_user`,`id_voiture`,`lieu_depart`,`lieu_arrivee`,`heure_depart`,`heure_arrivee`,`nombre_places`) VALUES (97,28,185,"Zevekote","Bearberry","2018-07-01 05:13:06","2018-04-17 05:50:56",1);
INSERT INTO `trajet` (`id_trajet`,`id_user`,`id_voiture`,`lieu_depart`,`lieu_arrivee`,`heure_depart`,`heure_arrivee`,`nombre_places`) VALUES (98,156,1,"St. Thomas","Heppignies","2018-04-26 16:26:38","2018-04-04 03:13:54",1);
INSERT INTO `trajet` (`id_trajet`,`id_user`,`id_voiture`,`lieu_depart`,`lieu_arrivee`,`heure_depart`,`heure_arrivee`,`nombre_places`) VALUES (99,125,61,"Badajoz","Colombes","2018-07-13 14:46:22","2018-04-19 00:56:18",4);
INSERT INTO `trajet` (`id_trajet`,`id_user`,`id_voiture`,`lieu_depart`,`lieu_arrivee`,`heure_depart`,`heure_arrivee`,`nombre_places`) VALUES (100,183,42,"Shaftesbury","Santarém","2018-07-10 05:17:04","2018-04-06 11:07:19",3);

INSERT INTO `ville` (`nom_ville`,`identifiant_op`,`code_insee`,`code_postal`) VALUES ("Chiusa Sclafani",29366,5469,"25272"),("Subbiano",27157,27176,"30262"),("Mundare",40502,9246,"70225"),("Ried im Innkreis",30326,10039,"65266"),("Lebbeke",33222,49196,"63152"),("Pedro Aguirre Cerda",30474,26517,"56405"),("Red Deer",11167,82,"54738"),("Navidad",8399,20666,"75241"),("Bad Kreuznach",46480,49385,"09478"),("Gujrat",16060,37994,"40737");
INSERT INTO `ville` (`nom_ville`,`identifiant_op`,`code_insee`,`code_postal`) VALUES ("Sparwood",27526,45481,"28545"),("San Carlos",31813,40500,"51914"),("Hillsboro",29494,10993,"37788"),("Mobile",37966,13369,"06823"),("Saint-Servais",42050,28531,"47294"),("Bella",20891,3935,"17474"),("Greater Sudbury",43666,47454,"01944"),("Navidad",27977,13216,"62268"),("Lacombe County",19369,33682,"39943"),("Erdemli",12398,49066,"12715");
INSERT INTO `ville` (`nom_ville`,`identifiant_op`,`code_insee`,`code_postal`) VALUES ("Mazzano Romano",20550,34478,"43944"),("Acquedolci",457,23600,"79481"),("Borgerhout",13487,41225,"72805"),("Zamora",41730,22183,"72371"),("Charters Towers",41650,42149,"23203"),("São Luís",26607,12643,"75823"),("Valleyview",27911,11007,"36809"),("Baileux",1287,22859,"42810"),("Lac Ste. Anne",28035,47025,"45560"),("Casablanca",6748,23745,"11622");
INSERT INTO `ville` (`nom_ville`,`identifiant_op`,`code_insee`,`code_postal`) VALUES ("Halen",27059,11081,"22087"),("Halesowen",18736,28864,"21509"),("Orp-le-Grand",19040,43724,"48718"),("Salem",44361,38188,"77586"),("Duncan",13331,42904,"90904"),("Meerut Cantonment",38035,44853,"45159"),("Uberaba",29845,38555,"40602"),("Nashville",18063,27143,"22821"),("Hoogstraten",49757,26095,"40188"),("Shreveport",36421,34530,"28935");
INSERT INTO `ville` (`nom_ville`,`identifiant_op`,`code_insee`,`code_postal`) VALUES ("Ourense",27046,16332,"34479"),("Herentals",3127,9444,"61595"),("Lodelinsart",27121,25658,"66558"),("Darbhanga",29724,4541,"39742"),("Rocky View",31915,43262,"80051"),("Drayton Valley",8215,10620,"40572"),("Campagna",38910,34706,"14044"),("Cwmbran",47829,3616,"47109"),("Fiumara",2725,47226,"72120"),("Crowsnest Pass",651,33504,"70503");
INSERT INTO `ville` (`nom_ville`,`identifiant_op`,`code_insee`,`code_postal`) VALUES ("OugrŽe",37807,7436,"98481"),("Prè-Saint-Didier",42720,46801,"74295"),("Glendale",28879,21740,"06088"),("Jemeppe-sur-Sambre",46498,17431,"44033"),("Brora",8812,18406,"23843"),("Rochester",14031,33151,"29520"),("Baton Rouge",4914,1328,"83464"),("Aligarh",6462,38122,"27529"),("Limbach-Oberfrohna",1392,29980,"63044"),("Bossire",20292,2441,"41058");
INSERT INTO `ville` (`nom_ville`,`identifiant_op`,`code_insee`,`code_postal`) VALUES ("Bever Bievene",34909,35171,"18606"),("New Sarepta",43102,34891,"32723"),("Skövde",40995,3062,"11245"),("Hastings",6218,34100,"07147"),("San Pancrazio Salentino",9353,22469,"75079"),("Weesp",14983,46584,"81892"),("Raurkela Civil Township",42078,29160,"43795"),("Zandhoven",44202,22268,"71021"),("Glasgow",12742,22089,"50128"),("Oxford",29554,23792,"54837");
INSERT INTO `ville` (`nom_ville`,`identifiant_op`,`code_insee`,`code_postal`) VALUES ("Weesp",43381,28915,"65623"),("Seloignes",19680,23987,"00648"),("Valera Fratta",11387,4621,"55435"),("Bareilly",29334,11620,"09706"),("Beerse",24469,3615,"87636"),("Sheikhupura",23129,46017,"87332"),("Barrhead",43256,37406,"51970"),("Eckville",20397,19337,"68658"),("Swadlincote",596,35559,"85516"),("Bottidda",22757,33943,"60691");
INSERT INTO `ville` (`nom_ville`,`identifiant_op`,`code_insee`,`code_postal`) VALUES ("Auburn",35849,27586,"69498"),("Meetkerke",43393,43496,"20622"),("Uluberia",46489,5412,"56391"),("Tay",1153,18627,"38848"),("Wha Ti",33003,16222,"25217"),("Pradamano",20211,41090,"19219"),("Roio del Sangro",46192,49748,"91925"),("Albury",24355,46739,"96297"),("Lienz",22734,18484,"27469"),("Brucargo",28015,33991,"30578");
INSERT INTO `ville` (`nom_ville`,`identifiant_op`,`code_insee`,`code_postal`) VALUES ("Moorsel",26382,13348,"63815"),("Juneau",46404,13538,"12504"),("Ingolstadt",8518,30832,"10334"),("İslahiye",17649,15640,"40515"),("Fauglia",45289,11844,"66892"),("Daly",42190,39392,"75971"),("Villar Pellice",26651,21471,"84533"),("Juazeiro",1663,22055,"42032"),("Rycroft",23301,6394,"88393"),("Vorst",16271,45730,"08916");

INSERT INTO groupe (id_groupe, nombre_personnes, nom) VALUES (14, 19, '8DNS8KVP1QTV4EMWS6PM');
INSERT INTO groupe (id_groupe, nombre_personnes, nom) VALUES (8, 5, 'ULNB37IT7WR4RNGSOR1D');
INSERT INTO groupe (id_groupe, nombre_personnes, nom) VALUES (12, 18, '50TYDJP4KUUVC2Q WE 0');
INSERT INTO groupe (id_groupe, nombre_personnes, nom) VALUES (13, 4, 'WBXJ57SW91R1JWOEXPS4');
INSERT INTO groupe (id_groupe, nombre_personnes, nom) VALUES (10, 3, '462VREOS4S7VJ1UDWTOG');
INSERT INTO groupe (id_groupe, nombre_personnes, nom) VALUES (6, 7, 'RQIF5X KRIR7X7YPHAJ6');
INSERT INTO groupe (id_groupe, nombre_personnes, nom) VALUES (16, 15, 'LJ3CLHVYT8L 50OCUMGB');
INSERT INTO groupe (id_groupe, nombre_personnes, nom) VALUES (4, 12, 'TRRXTTHBHIPMXKUIPLBH');
INSERT INTO groupe (id_groupe, nombre_personnes, nom) VALUES (15, 9, ' 2C6N2HKY56WVO12NBH3');
INSERT INTO groupe (id_groupe, nombre_personnes, nom) VALUES (3, 17, 'D8XBG3GRNU54JJ D3HB6');
INSERT INTO groupe (id_groupe, nombre_personnes, nom) VALUES (11, 0, 'HN2M6LQIY5SQ3TA7L9UK');
INSERT INTO groupe (id_groupe, nombre_personnes, nom) VALUES (2, 14, 'CVR6VLTXKF  68237GDV');
INSERT INTO groupe (id_groupe, nombre_personnes, nom) VALUES (5, 10, '0W4CS891E8UNSUVP2A1K');
INSERT INTO groupe (id_groupe, nombre_personnes, nom) VALUES (17, 16, '7LPME1Y7JOWOQ067OWTB');
INSERT INTO groupe (id_groupe, nombre_personnes, nom) VALUES (18, 13, 'H5706HKIVOP9E63J6AE4');
INSERT INTO groupe (id_groupe, nombre_personnes, nom) VALUES (19, 8, ' 9M3O4FY7S7CA7K0T1G8');
INSERT INTO groupe (id_groupe, nombre_personnes, nom) VALUES (7, 6, 'OUU8LX4W5509ENB61SDH');
INSERT INTO groupe (id_groupe, nombre_personnes, nom) VALUES (9, 2, 'YE78QMH689GAIVD1I4AP');
INSERT INTO groupe (id_groupe, nombre_personnes, nom) VALUES (0, 11, 'PWBDWY5PPNDXNTXSKPGF');
INSERT INTO groupe (id_groupe, nombre_personnes, nom) VALUES (1, 1, '2FXV3X3GXKDNTTPHPNM8');


INSERT INTO appartient (id_groupe, id_user) VALUES (14, 190);
INSERT INTO appartient (id_groupe, id_user) VALUES (8, 5);
INSERT INTO appartient (id_groupe, id_user) VALUES (12, 150);
INSERT INTO appartient (id_groupe, id_user) VALUES (13, 163);
INSERT INTO appartient (id_groupe, id_user) VALUES (10, 130);
INSERT INTO appartient (id_groupe, id_user) VALUES (6, 118);
INSERT INTO appartient (id_groupe, id_user) VALUES (16, 149);
INSERT INTO appartient (id_groupe, id_user) VALUES (4, 142);
INSERT INTO appartient (id_groupe, id_user) VALUES (15, 14);
INSERT INTO appartient (id_groupe, id_user) VALUES (3, 32);
INSERT INTO appartient (id_groupe, id_user) VALUES (11, 71);
INSERT INTO appartient (id_groupe, id_user) VALUES (2, 173);
INSERT INTO appartient (id_groupe, id_user) VALUES (5, 19);
INSERT INTO appartient (id_groupe, id_user) VALUES (17, 45);
INSERT INTO appartient (id_groupe, id_user) VALUES (18, 69);
INSERT INTO appartient (id_groupe, id_user) VALUES (19, 126);
INSERT INTO appartient (id_groupe, id_user) VALUES (7, 159);
INSERT INTO appartient (id_groupe, id_user) VALUES (9, 162);
INSERT INTO appartient (id_groupe, id_user) VALUES (0, 146);
INSERT INTO appartient (id_groupe, id_user) VALUES (1, 133);

INSERT INTO propose (id_user, id_trajet) VALUES (190, 7);
INSERT INTO propose (id_user, id_trajet) VALUES (5, 19);
INSERT INTO propose (id_user, id_trajet) VALUES (150, 3);
INSERT INTO propose (id_user, id_trajet) VALUES (163, 11);
INSERT INTO propose (id_user, id_trajet) VALUES (130, 18);
INSERT INTO propose (id_user, id_trajet) VALUES (118, 6);
INSERT INTO propose (id_user, id_trajet) VALUES (149, 17);
INSERT INTO propose (id_user, id_trajet) VALUES (142, 8);
INSERT INTO propose (id_user, id_trajet) VALUES (14, 2);
INSERT INTO propose (id_user, id_trajet) VALUES (32, 13);
INSERT INTO propose (id_user, id_trajet) VALUES (71, 1);
INSERT INTO propose (id_user, id_trajet) VALUES (173, 12);
INSERT INTO propose (id_user, id_trajet) VALUES (19, 16);
INSERT INTO propose (id_user, id_trajet) VALUES (45, 9);
INSERT INTO propose (id_user, id_trajet) VALUES (69, 15);
INSERT INTO propose (id_user, id_trajet) VALUES (126, 14);
INSERT INTO propose (id_user, id_trajet) VALUES (159, 4);
INSERT INTO propose (id_user, id_trajet) VALUES (162, 5);
INSERT INTO propose (id_user, id_trajet) VALUES (146, 1);
INSERT INTO propose (id_user, id_trajet) VALUES (133, 10);

INSERT INTO participe (id_user, id_trajet) VALUES (190, 7);
INSERT INTO participe (id_user, id_trajet) VALUES (5, 19);
INSERT INTO participe (id_user, id_trajet) VALUES (150, 3);
INSERT INTO participe (id_user, id_trajet) VALUES (163, 11);
INSERT INTO participe (id_user, id_trajet) VALUES (130, 18);
INSERT INTO participe (id_user, id_trajet) VALUES (118, 6);
INSERT INTO participe (id_user, id_trajet) VALUES (149, 17);
INSERT INTO participe (id_user, id_trajet) VALUES (142, 8);
INSERT INTO participe (id_user, id_trajet) VALUES (14, 2);
INSERT INTO participe (id_user, id_trajet) VALUES (32, 13);
INSERT INTO participe (id_user, id_trajet) VALUES (71, 1);
INSERT INTO participe (id_user, id_trajet) VALUES (173, 12);
INSERT INTO participe (id_user, id_trajet) VALUES (19, 16);
INSERT INTO participe (id_user, id_trajet) VALUES (45, 9);
INSERT INTO participe (id_user, id_trajet) VALUES (69, 15);
INSERT INTO participe (id_user, id_trajet) VALUES (126, 14);
INSERT INTO participe (id_user, id_trajet) VALUES (159, 4);
INSERT INTO participe (id_user, id_trajet) VALUES (162, 5);
INSERT INTO participe (id_user, id_trajet) VALUES (146, 1);
INSERT INTO participe (id_user, id_trajet) VALUES (133, 10);

INSERT INTO realise (id_groupe, id_trajet) VALUES (14, 7);
INSERT INTO realise (id_groupe, id_trajet) VALUES (8, 19);
INSERT INTO realise (id_groupe, id_trajet) VALUES (12, 3);
INSERT INTO realise (id_groupe, id_trajet) VALUES (13, 11);
INSERT INTO realise (id_groupe, id_trajet) VALUES (10, 18);
INSERT INTO realise (id_groupe, id_trajet) VALUES (6, 6);
INSERT INTO realise (id_groupe, id_trajet) VALUES (16, 17);
INSERT INTO realise (id_groupe, id_trajet) VALUES (4, 8);
INSERT INTO realise (id_groupe, id_trajet) VALUES (15, 2);
INSERT INTO realise (id_groupe, id_trajet) VALUES (3, 13);
INSERT INTO realise (id_groupe, id_trajet) VALUES (11, 1);
INSERT INTO realise (id_groupe, id_trajet) VALUES (2, 12);
INSERT INTO realise (id_groupe, id_trajet) VALUES (5, 16);
INSERT INTO realise (id_groupe, id_trajet) VALUES (17, 9);
INSERT INTO realise (id_groupe, id_trajet) VALUES (18, 15);
INSERT INTO realise (id_groupe, id_trajet) VALUES (19, 14);
INSERT INTO realise (id_groupe, id_trajet) VALUES (7, 4);
INSERT INTO realise (id_groupe, id_trajet) VALUES (9, 5);
INSERT INTO realise (id_groupe, id_trajet) VALUES (1, 1);
INSERT INTO realise (id_groupe, id_trajet) VALUES (1, 10);

INSERT INTO bloquer (id_user, uti_id_user) VALUES (190, 190);
INSERT INTO bloquer (id_user, uti_id_user) VALUES (5, 5);
INSERT INTO bloquer (id_user, uti_id_user) VALUES (150, 150);
INSERT INTO bloquer (id_user, uti_id_user) VALUES (163, 163);
INSERT INTO bloquer (id_user, uti_id_user) VALUES (130, 130);
INSERT INTO bloquer (id_user, uti_id_user) VALUES (118, 118);
INSERT INTO bloquer (id_user, uti_id_user) VALUES (149, 149);
INSERT INTO bloquer (id_user, uti_id_user) VALUES (142, 142);
INSERT INTO bloquer (id_user, uti_id_user) VALUES (14, 14);
INSERT INTO bloquer (id_user, uti_id_user) VALUES (32, 32);
INSERT INTO bloquer (id_user, uti_id_user) VALUES (71, 71);
INSERT INTO bloquer (id_user, uti_id_user) VALUES (173, 173);
INSERT INTO bloquer (id_user, uti_id_user) VALUES (19, 19);
INSERT INTO bloquer (id_user, uti_id_user) VALUES (45, 45);
INSERT INTO bloquer (id_user, uti_id_user) VALUES (69, 69);
INSERT INTO bloquer (id_user, uti_id_user) VALUES (126, 126);
INSERT INTO bloquer (id_user, uti_id_user) VALUES (159, 159);
INSERT INTO bloquer (id_user, uti_id_user) VALUES (162, 162);
INSERT INTO bloquer (id_user, uti_id_user) VALUES (146, 146);
INSERT INTO bloquer (id_user, uti_id_user) VALUES (133, 133);